Chocolate Milk,,,*No 6 Hour,"** Four extra Isloates ran:
 AF 5 Hi, AF 8 Hi, BL 1 and BL 2",,
Bac,Reps,,Plate Raw,Charm Raw,Attune Raw,Attune with Dilutions
Geo 1,A,12 Hours,>300,293,274,274000
Geo 1,B,12 Hours,>300,109,136,136000
Geo 1,C,12 Hours,>300,311,297,297000
Geo 1,D,12 Hours,>300,571,418,418000
Geo 1,E,12 Hours,>300,223,240,240000
Geo 2,A,12 Hours,>300,699,1291,1291000
Geo 2,B,12 Hours,>300,3618,4363,4363000
Geo 2,C,12 Hours,>300,4864,6082,6082000
Geo 2,D,12 Hours,>300,1687,2279,2279000
Geo 2,E,12 Hours,>300,1679,2253,2253000
Geo 3,A,12 Hours,>300,15028,41073,41073000
Geo 3,B,12 Hours,>300,15548,33359,33359000
Geo 3,C,12 Hours,>300,15282,40642,40642000
Geo 3,D,12 Hours,>300,16850,45378,45378000
Geo 3,E,12 Hours,>300,15533,40164,40164000
Geo 4,A,12 Hours,>300,101,160,160000
Geo 4,B,12 Hours,35600,130,168,168000
Geo 4,C,12 Hours,15700,128,184,184000
Geo 4,D,12 Hours,24400,104,154,154000
Geo 4,E,12 Hours,39000,102,170,170000
AF 5,A,12 Hours,>300,112,75,75000
AF 5,B,12 Hours,>300,129,144,144000
AF 5,C,12 Hours,>300,162,102,102000
AF 5,D,12 Hours,>300,156,197,197000
AF 5,E,12 Hours,>300,107,170,170000
AF 6,A,12 Hours,>300,853,1501,1501000
AF 6,B,12 Hours,>300,646,1413,1413000
AF 6,C,12 Hours,>300,711,9015,9015000
AF 6,D,12 Hours,>300,1326,1920,1920000
AF 6,E,12 Hours,>300,1113,2379,2379000
AF 7,A,12 Hours,25700,14,33,33000
AF 7,B,12 Hours,13400,7,24,24000
AF 7,C,12 Hours,27300,17,39,39000
AF 7,D,12 Hours,23900,17,23,23000
AF 7,E,12 Hours,30700,17,40,40000
AF 8,A,12 Hours,>300,47,35,35000
AF 8,B,12 Hours,>300,56,33,33000
AF 8,C,12 Hours,>300,50,29,29000
AF 8,D,12 Hours,>300,51,23,23000
AF 8,E,12 Hours,>300,46,29,29000
BL 1,A,12 Hours,>300,14680,35926,35926000
BL 1,B,12 Hours,>300,13855,33825,33825000
BL 1,C,12 Hours,>300,14350,47409,47409000
BL 1,D,12 Hours,>300,14084,45725,45725000
BL 1,E,12 Hours,>300,14461,45361,45361000
BL 2,A,12 Hours,>300,23205,29633,29633000
BL 2,B,12 Hours,>300,18561,38912,38912000
BL 2,C,12 Hours,>300,19091,32274,32274000
BL 2,D,12 Hours,>300,14013,42155,42155000
BL 2,E,12 Hours,>300,17185,47976,47976000
AF 5 Hi,A,12 Hours,>300,112,299,299000
AF 5 Hi,B,12 Hours,>300,129,302,302000
AF 5 Hi,C,12 Hours,>300,162,350,350000
AF 5 Hi,D,12 Hours,>300,156,437,437000
AF 5 Hi,E,12 Hours,>300,107,267,267000
AF 8 Hi,A,12 Hours,>300,47,98,98000
AF 8 Hi,B,12 Hours,>300,56,116,116000
AF 8 Hi,C,12 Hours,>300,50,163,163000
AF 8 Hi,D,12 Hours,>300,51,140,140000
AF 8 Hi,E,12 Hours,>300,46,127,127000
Geo 1,Blank,12 Hours,0,2,11,11000
Geo 2,Blank,12 Hours,0,3,14,14000
Geo 3,Blank,12 Hours,0,2,15,15000
Geo 4,Blank,12 Hours,0,3,13,13000
AF 5,Blank,12 Hours,0,2,7,7000
AF 6,Blank,12 Hours,0,3,13,13000
AF 7,Blank,12 Hours,0,3,9,9000
AF 8,Blank,12 Hours,0,2,16,16000
BL 1,Blank,12 Hours,0,2,13,13000
BL 2,Blank,12 Hours,0,3,22,22000
AF 5 Hi,Blank,12 Hours,0,2,0,0
AF 8 Hi,Blank,12 Hours,0,2,23,23000
Geo 1,A,24 Hours,>300,4440,36544,36544000
Geo 1,B,24 Hours,>300,4360,28887,28887000
Geo 1,C,24 Hours,>300,9864,73732,73732000
Geo 1,D,24 Hours,>300,7913,44246,44246000
Geo 1,E,24 Hours,>300,15262,43172,43172000
Geo 2,A,24 Hours,>300,4272,110258,110258000
Geo 2,B,24 Hours,>300,2211,52435,52435000
Geo 2,C,24 Hours,>300,3649,102866,102866000
Geo 2,D,24 Hours,>300,2137,61482,61482000
Geo 2,E,24 Hours,>300,14451,103173,103173000
Geo 3,A,24 Hours,>300,470,28735,28735000
Geo 3,B,24 Hours,>300,739,27327,27327000
Geo 3,C,24 Hours,>300,610,29381,29381000
Geo 3,D,24 Hours,>300,663,31619,31619000
Geo 3,E,24 Hours,>300,1082,27185,27185000
Geo 4,A,24 Hours,>300,18339,42073,42073000
Geo 4,B,24 Hours,>300,22743,40450,40450000
Geo 4,C,24 Hours,>300,20615,40552,40552000
Geo 4,D,24 Hours,>300,22561,41595,41595000
Geo 4,E,24 Hours,>300,16751,38173,38173000
AF 5 Hi,A,24 Hours,>300,1470,1778,1778000
AF 5 Hi,B,24 Hours,>300,521,1336,1336000
AF 5 Hi,C,24 Hours,>300,1002,2103,2103000
AF 5 Hi,D,24 Hours,>300,1015,1843,1843000
AF 5 Hi,E,24 Hours,>300,859,2247,2247000
AF 5,A,24 Hours,>300,278,519,519000
AF 5,B,24 Hours,>300,306,651,651000
AF 5,C,24 Hours,>300,1145,1463,1463000
AF 5,D,24 Hours,>300,392,850,850000
AF 5,E,24 Hours,>300,1454,2657,2657000
AF 6,A,24 Hours,>300,8365,22555,22555000
AF 6,B,24 Hours,>300,7227,24910,24910000
AF 6,C,24 Hours,>300,5791,22489,22489000
AF 6,D,24 Hours,>300,11101,39871,39871000
AF 6,E,24 Hours,>300,6493,22309,22309000
AF 7,A,24 Hours,>300,45,96,96000
AF 7,B,24 Hours,>300,86,174,174000
AF 7,C,24 Hours,>300,61,126,126000
AF 7,D,24 Hours,>300,64,136,136000
AF 7,E,24 Hours,>300,84,160,160000
AF 8,A,24 Hours,>300,39,76,76000
AF 8,B,24 Hours,>300,52,105,105000
AF 8,C,24 Hours,>300,1405,1092,1092000
AF 8,D,24 Hours,>300,961,667,667000
AF 8,E,24 Hours,>300,45,63,63000
AF 8 Hi,A,24 Hours,>300,4458,6236,6236000
AF 8 Hi,B,24 Hours,>300,4817,6295,6295000
AF 8 Hi,C,24 Hours,>300,859,1234,1234000
AF 8 Hi,D,24 Hours,>300,786,1635,1635000
AF 8 Hi,E,24 Hours,>300,3121,3426,3426000
BL 1,A,24 Hours,>300,17243,52554,52554000
BL 1,B,24 Hours,>300,9030,29507,29507000
BL 1,C,24 Hours,>300,10962,38243,38243000
BL 1,D,24 Hours,>300,9978,37301,37301000
BL 1,E,24 Hours,>300,10911,30011,30011000
BL 2,A,24 Hours,>300,12273,19973,19973000
BL 2,B,24 Hours,>300,14051,23945,23945000
BL 2,C,24 Hours,>300,19040,31205,31205000
BL 2,D,24 Hours,>300,15270,24021,24021000
BL 2,E,24 Hours,>300,19066,27154,27154000
Geo 1,Blank,24 Hours,0,1,36,36000
Geo 2,Blank,24 Hours,0,3,12,12000
Geo 3,Blank,24 Hours,0,4,9,9000
Geo 4,Blank,24 Hours,0,3,9,9000
AF 5,Blank,24 Hours,0,3,10,10000
AF 6,Blank,24 Hours,0,3,20,20000
AF 7,Blank,24 Hours,0,2,4,4000
AF 8  ,Blank,24 Hours,0,4,13,13000
BL 1,Blank,24 Hours,0,3,18,18000
BL 2,Blank,24 Hours,0,2,17,17000
AF 5 Hi,Blank,24 Hours,0,3,7,7000
AF 8 Hi,Blank,24 Hours,0,2,15,15000
Geo 1,A,48 Hours,>300,7,437,437000
Geo 1,B,48 Hours,>300,7,419,419000
Geo 1,C,48 Hours,>300,12,806,806000
Geo 1,D,48 Hours,>300,10,506,506000
Geo 1,E,48 Hours,>300,19,716,716000
Geo 2,A,48 Hours,>300,16,2230,2230000
Geo 2,B,48 Hours,>300,14,3642,3642000
Geo 2,C,48 Hours,>300,8,1693,1693000
Geo 2,D,48 Hours,>300,16,2080,2080000
Geo 2,E,48 Hours,>300,20,2203,2203000
Geo 3,A,48 Hours,>300,11,305,305000
Geo 3,B,48 Hours,>300,8,264,264000
Geo 3,C,48 Hours,>300,11,264,264000
Geo 3,D,48 Hours,>300,10,357,357000
Geo 3,E,48 Hours,>300,9,347,347000
Geo 4,A,48 Hours,>300,19,1555,1555000
Geo 4,B,48 Hours,>300,28,2765,2765000
Geo 4,C,48 Hours,>300,18,1977,1977000
Geo 4,D,48 Hours,>300,24,2819,2819000
Geo 4,E,48 Hours,>300,11,1629,1629000
AF 5 Hi,A,48 Hours,>300,3816,10670,10670000
AF 5 Hi,B,48 Hours,>300,1968,6213,6213000
AF 5 Hi,C,48 Hours,>300,5330,11472,11472000
AF 5 Hi,D,48 Hours,>300,3602,6822,6822000
AF 5 Hi,E,48 Hours,>300,4986,13130,13130000
AF 5,A,48 Hours,>300,523,1305,1305000
AF 5,B,48 Hours,>300,688,1635,1635000
AF 5,C,48 Hours,>300,5279,8199,8199000
AF 5,D,48 Hours,>300,4778,10574,10574000
AF 5,E,48 Hours,>300,4675,9552,9552000
AF 6,A,48 Hours,>300,190,3472,3472000
AF 6,B,48 Hours,>300,219,2265,2265000
AF 6,C,48 Hours,>300,223,3852,3852000
AF 6,D,48 Hours,>300,463,11330,11330000
AF 6,E,48 Hours,>300,409,3051,3051000
AF 7,A,48 Hours,>300,2573,3621,3621000
AF 7,B,48 Hours,>300,3234,5242,5242000
AF 7,C,48 Hours,>300,294,425,425000
AF 7,D,48 Hours,>300,2619,4179,4179000
AF 7,E,48 Hours,>300,132,185,185000
AF 8,A,48 Hours,>300,2886,6343,6343000
AF 8,B,48 Hours,>300,2852,5506,5506000
AF 8,C,48 Hours,>300,221,229,229000
AF 8,D,48 Hours,>300,2815,4803,4803000
AF 8,E,48 Hours,>300,1657,2662,2662000
AF 8 Hi,A,48 Hours,>300,1339,1366,1366000
AF 8 Hi,B,48 Hours,>300,1170,1787,1787000
AF 8 Hi,C,48 Hours,>300,1222,1853,1853000
AF 8 Hi,D,48 Hours,>300,1641,2781,2781000
AF 8 Hi,E,48 Hours,>300,1446,1631,1631000
BL 1,A,48 Hours,>300,1416,21718,21718000
BL 1,B,48 Hours,>300,1137,963,963000
BL 1,C,48 Hours,>300,1078,793,793000
BL 1,D,48 Hours,>300,4290,37351,37351000
BL 1,E,48 Hours,>300,1087,789,789000
BL 2,A,48 Hours,>300,756,517,517000
BL 2,B,48 Hours,>300,847,413,413000
BL 2,C,48 Hours,>300,706,577,577000
BL 2,D,48 Hours,>300,1388,1145,1145000
BL 2,E,48 Hours,>300,5092,6295,6295000
Geo 1,Blank,48 Hours,0,2,10,10000
Geo 2,Blank,48 Hours,0,2,3,3000
Geo 3,Blank,48 Hours,0,2,17,17000
Geo 4,Blank,48 Hours,0,1,0,0
AF 5,Blank,48 Hours,0,2,4,4000
AF 6,Blank,48 Hours,0,2,13,13000
AF 7,Blank,48 Hours,0,3,2,2000
AF 8,Blank,48 Hours,0,4,7,7000
BL 1,Blank,48 Hours,0,2,6,6000
BL 2,Blank,48 Hours,0,1,36,36000
AF 5 Hi,Blank,48 Hours,0,3,7,7000
AF 8  Hi,Blank,48 Hours,0,4,7,7000
