Milk ,,,,,,
Bac,Reps,Time,Plate Raw,Charm Raw,Attune Raw,Attune with Dilutions 6h 12h x100 and  24h 48h x1000 
Geo 1,A,6 Hours,0,7,2,200
Geo 1,B,6 Hours,1,5,8,800
Geo 1,C,6 Hours,3,6,1,100
Geo 1,D,6 Hours,2,6,0,0
Geo 1,E,6 Hours,0,4,0,0
Geo 2,A,6 Hours,0,3,0,0
Geo 2,B,6 Hours,54,224,714,71400
Geo 2,C,6 Hours,88,109,382,38200
Geo 2,D,6 Hours,13,27,65,6500
Geo 2,E,6 Hours,1,4,6,600
Geo 3,A,6 Hours,0,5,8,800
Geo 3,B,6 Hours,0,4,3,300
Geo 3,C,6 Hours,0,5,1,100
Geo 3,D,6 Hours,0,6,1,100
Geo 3,E,6 Hours,0,5,5,500
Geo 4,A,6 Hours,0,3,4,400
Geo 4,B,6 Hours,0,3,8,800
Geo 4,C,6 Hours,0,4,0,0
Geo 4,D,6 Hours,0,3,0,0
Geo 4,E,6 Hours,0,3,2,200
AF 5,A,6 Hours,450,40839,227268,22726800
AF 5,B,6 Hours,450,10764,29750,2975000
AF 5,C,6 Hours,450,6826,34609,3460900
AF 5,D,6 Hours,450,45605,203089,20308900
AF 5,E,6 Hours,450,56438,219653,21965300
AF 6,A,6 Hours,450,7044,46719,4671900
AF 6,B,6 Hours,450,13757,69103,6910300
AF 6,C,6 Hours,450,5152,30948,3094800
AF 6,D,6 Hours,450,6292,33443,3344300
AF 6,E,6 Hours,450,24903,95380,9538000
AF 7,A,6 Hours,450,66660,184015,18401500
AF 7,B,6 Hours,450,93766,289625,28962500
AF 7,C,6 Hours,450,37772,348259,34825900
AF 7,D,6 Hours,450,32062,337889,33788900
AF 7,E,6 Hours,450,99968,335707,33570700
AF 8,A,6 Hours,450,15999,47618,4761800
AF 8,B,6 Hours,450,8400,25501,2550100
AF 8,C,6 Hours,450,16177,49593,4959300
AF 8,D,6 Hours,450,11301,28512,2851200
AF 8,E,6 Hours,450,20266,50614,5061400
Geo 1,Blank,6 Hours,0,6,0,0
Geo 2,Blank,6 Hours,0,3,0,0
Geo 3,Blank,6 Hours,0,5,12,1200
Geo 4,Blank,6 Hours,0,4,9,900
AF 5,Blank,6 Hours,0,58,0,0
AF 6,Blank,6 Hours,0,5,14,1400
AF 7,Blank,6 Hours,0,8,0,0
AF 8,Blank,6 Hours,0,4,1,100
Geo 1,A,12 Hours,450,640,2142,214200
Geo 1,B,12 Hours,450,1372,4256,425600
Geo 1,C,12 Hours,450,1660,5242,524200
Geo 1,D,12 Hours,450,2443,7377,737700
Geo 1,E,12 Hours,450,979,3879,387900
Geo 2,A,12 Hours,450,237439,591821,59182100
Geo 2,B,12 Hours,450,270173,572392,57239200
Geo 2,C,12 Hours,450,228667,541808,54180800
Geo 2,D,12 Hours,450,254264,668487,66848700
Geo 2,E,12 Hours,450,238551,624286,62428600
Geo 3,A,12 Hours,0,5,0,0
Geo 3,B,12 Hours,0,6,1,100
Geo 3,C,12 Hours,0,6,5,500
Geo 3,D,12 Hours,0,6,0,0
Geo 3,E,12 Hours,0,6,0,0
Geo 4,A,12 Hours,0,3,0,0
Geo 4,B,12 Hours,11,5,7,700
Geo 4,C,12 Hours,0,4,1,100
Geo 4,D,12 Hours,0,3,1,100
Geo 4,E,12 Hours,0,3,4,400
AF 5,A,12 Hours,450,36783,602773,60277300
AF 5,B,12 Hours,450,53915,609191,60919100
AF 5,C,12 Hours,450,40143,620576,62057600
AF 5,D,12 Hours,450,26559,616745,61674500
AF 5,E,12 Hours,450,52804,647044,64704400
AF 6,A,12 Hours,450,34210,45501,4550100
AF 6,B,12 Hours,450,49017,74765,7476500
AF 6,C,12 Hours,450,45290,54385,5438500
AF 6,D,12 Hours,450,44032,67426,6742600
AF 6,E,12 Hours,450,39986,68477,6847700
AF 7,A,12 Hours,450,72382,529133,52913300
AF 7,B,12 Hours,450,74173,500755,50075500
AF 7,C,12 Hours,450,77175,476247,47624700
AF 7,D,12 Hours,450,58330,444135,44413500
AF 7,E,12 Hours,450,62748,484013,48401300
AF 8,A,12 Hours,450,56717,648749,64874900
AF 8,B,12 Hours,450,53832,745630,74563000
AF 8,C,12 Hours,450,59772,751765,75176500
AF 8,D,12 Hours,450,47819,757202,75720200
AF 8,E,12 Hours,450,53663,729434,72943400
Geo 1,Blank,12 Hours,0,4,0,0
Geo 2,Blank,12 Hours,0,4,6,600
Geo 3,Blank,12 Hours,0,7,0,0
Geo 4,Blank,12 Hours,0,4,7,700
AF 5,Blank,12 Hours,0,25,1,100
AF 6,Blank,12 Hours,0,6,22,2200
AF 7,Blank,12 Hours,0,7,87,8700
AF 8,Blank,12 Hours,0,5,3,300
Geo 1,A,24 Hours,450,4775,152631,152631000
Geo 1,B,24 Hours,450,6913,127749,127749000
Geo 1,C,24 Hours,450,7823,134632,134632000
Geo 1,D,24 Hours,450,16199,140661,140661000
Geo 1,E,24 Hours,450,14483,152768,152768000
Geo 2,A,24 Hours,450,974,65400,65400000
Geo 2,B,24 Hours,0,32,1,1000
Geo 2,C,24 Hours,450,1181,52800,52800000
Geo 2,D,24 Hours,450,1517,45750,45750000
Geo 2,E,24 Hours,450,1919,38415,38415000
Geo 3,A,24 Hours,0,4,5,5000
Geo 3,B,24 Hours,0,6,8,8000
Geo 3,C,24 Hours,450,2317,72637,72637000
Geo 3,D,24 Hours,450,6246,78257,78257000
Geo 3,E,24 Hours,450,8418,84589,84589000
Geo 4,A,24 Hours,0,3,2,2000
Geo 4,B,24 Hours,0,3,1,1000
Geo 4,C,24 Hours,0,3,8,8000
Geo 4,D,24 Hours,450,2957,130994,130994000
Geo 4,E,24 Hours,0,3,2,2000
AF 5,A,24 Hours,450,2481,7962,7962000
AF 5,B,24 Hours,450,3458,12688,12688000
AF 5,C,24 Hours,450,3362,11163,11163000
AF 5,D,24 Hours,450,2843,10952,10952000
AF 5,E,24 Hours,450,5588,17935,17935000
AF 6,A,24 Hours,450,2798,53651,53651000
AF 6,B,24 Hours,450,3599,47793,47793000
AF 6,C,24 Hours,450,3584,57257,57257000
AF 6,D,24 Hours,450,3777,53487,53487000
AF 6,E,24 Hours,450,5541,52105,52105000
AF 7,A,24 Hours,450,1375,14008,14008000
AF 7,B,24 Hours,450,1258,11816,11816000
AF 7,C,24 Hours,450,1053,10937,10937000
AF 7,D,24 Hours,450,1509,11279,11279000
AF 7,E,24 Hours,450,1050,10982,10982000
AF 8,A,24 Hours,450,2663,40619,40619000
AF 8,B,24 Hours,450,2557,36707,36707000
AF 8,C,24 Hours,450,3212,40573,40573000
AF 8,D,24 Hours,450,3116,35242,35242000
AF 8,E,24 Hours,450,3025,37993,37993000
Geo 1,Blank,24 Hours,0,4,0,0
Geo 2,Blank,24 Hours,0,17,7,7000
Geo 3,Blank,24 Hours,0,4,1,1000
Geo 4,Blank,24 Hours,0,2,7,7000
AF 5,Blank,24 Hours,0,11,0,0
AF 6,Blank,24 Hours,0,5,1,1000
AF 7,Blank,24 Hours,0,5,11,11000
AF 8,Blank,24 Hours,0,8,1,1000
Geo 1,A,48 Hours,450,100,2402,2402000
Geo 1,B,48 Hours,450,160,2916,2916000
Geo 1,C,48 Hours,450,169,2389,2389000
Geo 1,D,48 Hours,450,230,2645,2645000
Geo 1,E,48 Hours,450,216,2956,2956000
Geo 2,A,48 Hours,450,129,5873,5873000
Geo 2,B,48 Hours,450,172,9537,9537000
Geo 2,C,48 Hours,450,295,12273,12273000
Geo 2,D,48 Hours,450,86,4090,4090000
Geo 2,E,48 Hours,450,514,14996,14996000
Geo 3,A,48 Hours,450,20,1077,1077000
Geo 3,B,48 Hours,450,203,6647,6647000
Geo 3,C,48 Hours,450,24,4653,4653000
Geo 3,D,48 Hours,450,1418,14754,14754000
Geo 3,E,48 Hours,450,1688,12203,12203000
Geo 4,A,48 Hours,0,2,2,2000
Geo 4,B,48 Hours,0,2,6,6000
Geo 4,C,48 Hours,0,4,1,1000
Geo 4,D,48 Hours,0,3,3,3000
Geo 4,E,48 Hours,0,3,6,6000
AF 5,A,48 Hours,450,77,255,255000
AF 5,B,48 Hours,450,63,280,280000
AF 5,C,48 Hours,450,96,290,290000
AF 5,D,48 Hours,450,174,222,222000
AF 5,E,48 Hours,450,62,316,316000
AF 6,A,48 Hours,450,14,293,293000
AF 6,B,48 Hours,450,28,340,340000
AF 6,C,48 Hours,450,26,445,445000
AF 6,D,48 Hours,450,18,241,241000
AF 6,E,48 Hours,450,24,555,555000
AF 7,A,48 Hours,450,6,837,837000
AF 7,B,48 Hours,450,16,500,500000
AF 7,C,48 Hours,450,16,719,719000
AF 7,D,48 Hours,450,22,593,593000
AF 7,E,48 Hours,450,18,545,545000
AF 8,A,48 Hours,450,12,1538,1538000
AF 8,B,48 Hours,450,14,1227,1227000
AF 8,C,48 Hours,450,13,1178,1178000
AF 8,D,48 Hours,450,10,1246,1246000
AF 8,E,48 Hours,450,11,842,842000
Geo 1,Blank,48 Hours,0,4,0,0
Geo 2,Blank,48 Hours,0,2,0,0
Geo 3,Blank,48 Hours,0,4,0,0
Geo 4,Blank,48 Hours,0,2,2,2000
AF 5,Blank,48 Hours,0,3,0,0
AF 6,Blank,48 Hours,0,7,4,4000
AF 7,Blank,48 Hours,0,5,1,1000
AF 8,Blank,48 Hours,0,5,4,4000
