Cream ,(In House Cream),,,,,
Bac,Reps,Time,Plate Raw,Charm Raw,Attune Raw,Attune with Dilution
Geo 1,A,6 Hours,300,2,4,4000
Geo 1,B,6 Hours,300,2,4,4000
Geo 1,C,6 Hours,300,3,1,1000
Geo 1,D,6 Hours,400,2,4,4000
Geo 1,E,6 Hours,210,2,2,2000
Geo 2,A,6 Hours,0,1,6,6000
Geo 2,B,6 Hours,0,1,10,10000
Geo 2,C,6 Hours,0,1,4,4000
Geo 2,D,6 Hours,0,1,23,23000
Geo 2,E,6 Hours,0,1,12,12000
Geo 3,A,6 Hours,3000,3,10,10000
Geo 3,B,6 Hours,1500,2,3,3000
Geo 3,C,6 Hours,3000,2,21,21000
Geo 3,D,6 Hours,3000,3,27,27000
Geo 3,E,6 Hours,0,2,15,15000
Geo 4,A,6 Hours,0,2,26,26000
Geo 4,B,6 Hours,0,2,16,16000
Geo 4,C,6 Hours,0,1,74,74000
Geo 4,D,6 Hours,0,4,18,18000
Geo 4,E,6 Hours,0,3,33,33000
AF 5,A,6 Hours,100,2,22,22000
AF 5,B,6 Hours,100,3,10,10000
AF 5,C,6 Hours,100,4,17,17000
AF 5,D,6 Hours,100,2,18,18000
AF 5,E,6 Hours,0,2,22,22000
AF 6,A,6 Hours,1100,2,40,40000
AF 6,B,6 Hours,4400,2,35,35000
AF 6,C,6 Hours,900,4,18,18000
AF 6,D,6 Hours,700,2,26,26000
AF 6,E,6 Hours,1600,2,38,38000
AF 7,A,6 Hours,2700,5,15,15000
AF 7,B,6 Hours,3100,3,34,34000
AF 7,C,6 Hours,1400,3,19,19000
AF 7,D,6 Hours,1200,3,32,32000
AF 7,E,6 Hours,1100,3,20,20000
AF 8,A,6 Hours,780,4,92,92000
AF 8,B,6 Hours,550,5,31,31000
AF 8,C,6 Hours,1050,6,42,42000
AF 8,D,6 Hours,1330,5,36,36000
AF 8,E,6 Hours,750,5,26,26000
Geo 1,Blank,6 Hours,0,3,1,1000
Geo 2,Blank,6 Hours,0,1,6,6000
Geo 3,Blank,6 Hours,0,2,0,0
Geo 4,Blank,6 Hours,0,2,13,13000
AF 5,Blank,6 Hours,0,2,23,23000
AF 6,Blank,6 Hours,0,3,18,18000
AF 7,Blank,6 Hours,0,3,21,21000
AF 8,Blank,6 Hours,0,5,10,10000
Geo 1,A,12 Hours,3000,9,47,47000
Geo 1,B,12 Hours,3000,3,31,31000
Geo 1,C,12 Hours,3000,8,59,59000
Geo 1,D,12 Hours,3000,8,24,24000
Geo 1,E,12 Hours,3000,5,39,39000
Geo 2,A,12 Hours,1500,1,40,40000
Geo 2,B,12 Hours,1000,1,24,24000
Geo 2,C,12 Hours,1500,4,55,55000
Geo 2,D,12 Hours,1500,1,11,11000
Geo 2,E,12 Hours,1500,1,25,25000
Geo 3,A,12 Hours,3000,3,23,23000
Geo 3,B,12 Hours,3000,4,31,31000
Geo 3,C,12 Hours,3000,4,41,41000
Geo 3,D,12 Hours,3000,4,42,42000
Geo 3,E,12 Hours,3000,5,38,38000
Geo 4,A,12 Hours,0,5,21,21000
Geo 4,B,12 Hours,0,3,27,27000
Geo 4,C,12 Hours,0,5,24,24000
Geo 4,D,12 Hours,0,4,14,14000
Geo 4,E,12 Hours,0,4,35,35000
AF 5,A,12 Hours,100,3,47294,47294000
AF 5,B,12 Hours,0,3,17,17000
AF 5,C,12 Hours,200,3,28,28000
AF 5,D,12 Hours,200,3,8,8000
AF 5,E,12 Hours,100,3,16,16000
AF 6,A,12 Hours,2000,8,59,59000
AF 6,B,12 Hours,10400,4,45,45000
AF 6,C,12 Hours,1200,3,30,30000
AF 6,D,12 Hours,400,7,22,22000
AF 6,E,12 Hours,6400,6,57,57000
AF 7,A,12 Hours,2700,4,27,27000
AF 7,B,12 Hours,8300,4,41,41000
AF 7,C,12 Hours,4200,3,47,47000
AF 7,D,12 Hours,10000,5,47,47000
AF 7,E,12 Hours,4000,5,40,40000
AF 8,A,12 Hours,2050,6,55,55000
AF 8,B,12 Hours,3180,3,35,35000
AF 8,C,12 Hours,3000,5,63,63000
AF 8,D,12 Hours,3000,6,91,91000
AF 8,E,12 Hours,3000,4,54,54000
Geo 1,Blank,12 Hours,0,3,5,5000
Geo 2,Blank,12 Hours,0,2,17,17000
Geo 3,Blank,12 Hours,0,3,13,13000
Geo 4,Blank,12 Hours,0,2,17,17000
AF 5,Blank,12 Hours,0,3,25,25000
AF 6,Blank,12 Hours,0,5,26,26000
AF 7,Blank,12 Hours,0,4,16,16000
AF 8,Blank,12 Hours,0,5,5,5000
Geo 1,A,24 Hours,3000,12,118,118000
Geo 1,B,24 Hours,3000,14,155,155000
Geo 1,C,24 Hours,3000,25,219,219000
Geo 1,D,24 Hours,3000,41,188,188000
Geo 1,E,24 Hours,3000,95,292,292000
Geo 2,A,24 Hours,1500,6,84,84000
Geo 2,B,24 Hours,1500,1,46,46000
Geo 2,C,24 Hours,1500,5,23,23000
Geo 2,D,24 Hours,1500,244,3377,3377000
Geo 2,E,24 Hours,1500,2,18,18000
Geo 3,A,24 Hours,3000,3,13,13000
Geo 3,B,24 Hours,3000,4,11,11000
Geo 3,C,24 Hours,3000,4,32,32000
Geo 3,D,24 Hours,3000,3,14,14000
Geo 3,E,24 Hours,3000,8,27,27000
Geo 4,A,24 Hours,0,2,29,29000
Geo 4,B,24 Hours,0,3,33,33000
Geo 4,C,24 Hours,0,4,32,32000
Geo 4,D,24 Hours,0,2,23,23000
Geo 4,E,24 Hours,0,6,12,12000
AF 5,A,24 Hours,0,3,30,30000
AF 5,B,24 Hours,700,3,16,16000
AF 5,C,24 Hours,0,4,14,14000
AF 5,D,24 Hours,100,3,21,21000
AF 5,E,24 Hours,0,3,15,15000
AF 6,A,24 Hours,13100,3,36,36000
AF 6,B,24 Hours,3600,3,42,42000
AF 6,C,24 Hours,7800,4,24,24000
AF 6,D,24 Hours,2500,4,34,34000
AF 6,E,24 Hours,8800,4,26,26000
AF 7,A,24 Hours,7900,3,26,26000
AF 7,B,24 Hours,11000,5,44,44000
AF 7,C,24 Hours,7500,5,45,45000
AF 7,D,24 Hours,13400,5,54,54000
AF 7,E,24 Hours,4100,4,43,43000
AF 8,A,24 Hours,3000,5,26,26000
AF 8,B,24 Hours,3000,6,46,46000
AF 8,C,24 Hours,3000,4,65,65000
AF 8,D,24 Hours,2620,5,29,29000
AF 8,E,24 Hours,3000,6,100,100000
Geo 1,Blank,24 Hours,0,2,1,1000
Geo 2,Blank,24 Hours,0,2,22,22000
Geo 3,Blank,24 Hours,0,7,32,32000
Geo 4,Blank,24 Hours,0,3,20,20000
AF 5,Blank,24 Hours,0,3,15,15000
AF 6,Blank,24 Hours,0,3,13,13000
AF 7,Blank,24 Hours,0,3,8,8000
AF 8,Blank,24 Hours,0,4,2,2000
Geo 1,A,48 Hours,3000,742,7636,7636000
Geo 1,B,48 Hours,3000,114,5831,5831000
Geo 1,C,48 Hours,3000,1001,8420,8420000
Geo 1,D,48 Hours,3000,39,184,184000
Geo 1,E,48 Hours,3000,3,51,51000
Geo 2,A,48 Hours,1500,3,18,18000
Geo 2,B,48 Hours,3000,69,3717,3717000
Geo 2,C,48 Hours,3000,69,3129,3129000
Geo 2,D,48 Hours,3000,7,490,490000
Geo 2,E,48 Hours,3000,425,4655,4655000
Geo 3,A,48 Hours,3000,3,130,130000
Geo 3,B,48 Hours,3000,218,9423,9423000
Geo 3,C,48 Hours,3000,1,119,119000
Geo 3,D,48 Hours,3000,3,116,116000
Geo 3,E,48 Hours,3000,1,139,139000
Geo 4,A,48 Hours,1000,3,41,41000
Geo 4,B,48 Hours,1000,4,29,29000
Geo 4,C,48 Hours,1000,50,5511,5511000
Geo 4,D,48 Hours,3000,3,51,51000
Geo 4,E,48 Hours,0,3,17,17000
AF 5,A,48 Hours,500,3,18,18000
AF 5,B,48 Hours,200,3,18,18000
AF 5,C,48 Hours,800,3,29,29000
AF 5,D,48 Hours,700,2,24,24000
AF 5,E,48 Hours,800,2,22,22000
AF 6,A,48 Hours,35200,4,42,42000
AF 6,B,48 Hours,7900,1,32,32000
AF 6,C,48 Hours,7200,2,41,41000
AF 6,D,48 Hours,30000,5,542,542000
AF 6,E,48 Hours,14100,2,45,45000
AF 7,A,48 Hours,30000,4,717,717000
AF 7,B,48 Hours,27000,2,56,56000
AF 7,C,48 Hours,30000,2,726,726000
AF 7,D,48 Hours,38000,2,85,85000
AF 7,E,48 Hours,42800,4,80,80000
AF 8,A,48 Hours,3000,3,65,65000
AF 8,B,48 Hours,3000,2,66,66000
AF 8,C,48 Hours,3000,4,51,51000
AF 8,D,48 Hours,3000,4,15,15000
AF 8,E,48 Hours,3000,4,48,48000
Geo 1,Blank,48 Hours,0,2,2,2000
Geo 2,Blank,48 Hours,0,2,27,27000
Geo 3,Blank,48 Hours,0,1,32,32000
Geo 4,Blank,48 Hours,0,2,12,12000
AF 5,Blank,48 Hours,0,3,17,17000
AF 6,Blank,48 Hours,0,2,15,15000
AF 7,Blank,48 Hours,0,2,20,20000
AF 8,Blank,48 Hours,0,3,14,14000
