,,Whipping Cream,,,,
Bac,Reps,Time,Plate Raw,Charm Raw,Attune Raw,Attune with Dilutions   x100 
Geo 1,A,12 Hours,100000,254,2042,204200
Geo 1,B,12 Hours,30000,40,263,26300
Geo 1,C,12 Hours,100000,1115,897,89700
Geo 1,D,12 Hours,100000,510,4022,402200
Geo 1,E,12 Hours,100000,265,1772,177200
Geo 2,A,12 Hours,1200,51,291,29100
Geo 2,B,12 Hours,2500,76,418,41800
Geo 2,C,12 Hours,1500,41,269,26900
Geo 2,D,12 Hours,6400,138,1078,107800
Geo 2,E,12 Hours,15000,655,5293,529300
Geo 3,A,12 Hours,1,3,2,200
Geo 3,B,12 Hours,30000,110,1760,176000
Geo 3,C,12 Hours,30000,133,3699,369900
Geo 3,D,12 Hours,30000,53,729,72900
Geo 3,E,12 Hours,30000,152,2004,200400
Geo 4,A,12 Hours,1,4,1,100
Geo 4,B,12 Hours,1,5,1,100
Geo 4,C,12 Hours,1,3,1,100
Geo 4,D,12 Hours,43,4,7,700
Geo 4,E,12 Hours,1,4,2,200
AF 5,A,12 Hours,300,4,2,200
AF 5,B,12 Hours,1800,5,7,700
AF 5,C,12 Hours,3800,8,17,1700
AF 5,D,12 Hours,400,3,3,300
AF 5,E,12 Hours,1000,4,8,800
AF 6,A,12 Hours,5400,22,9,900
AF 6,B,12 Hours,4500,29,8,800
AF 6,C,12 Hours,8200,23,12,1200
AF 6,D,12 Hours,10300,22,18,1800
AF 6,E,12 Hours,5700,16,11,1100
AF 7,A,12 Hours,30000,19,120,12000
AF 7,B,12 Hours,30000,16,99,9900
AF 7,C,12 Hours,30000,28,103,10300
AF 7,D,12 Hours,30000,30,128,12800
AF 7,E,12 Hours,30000,24,159,15900
AF 8,A,12 Hours,29100,7,160,16000
AF 8,B,12 Hours,15300,6,199,19900
AF 8,C,12 Hours,15900,9,194,19400
AF 8,D,12 Hours,18600,6,199,19900
AF 8,E,12 Hours,8400,7,233,23300
Geo 1,Blank,12 Hours,0,3,0,0
Geo 2,Blank,12 Hours,0,5,0,0
Geo 3,Blank,12 Hours,0,5,1,100
Geo 4,Blank,12 Hours,0,4,0,0
AF 5,Blank,12 Hours,0,3,0,0
AF 6,Blank,12 Hours,0,4,0,0
AF 7,Blank,12 Hours,0,3,0,0
AF 8,Blank,12 Hours,0,4,0,0
Geo 1,A,24 Hours,100000,10548,532773,53277300
Geo 1,B,24 Hours,100000,35377,421482,42148200
Geo 1,C,24 Hours,100000,27919,370881,37088100
Geo 1,D,24 Hours,100000,26628,455821,45582100
Geo 1,E,24 Hours,100000,53,612528,61252800
Geo 2,A,24 Hours,100000,3510,365856,36585600
Geo 2,B,24 Hours,100000,1927,311842,31184200
Geo 2,C,24 Hours,100000,36,356096,35609600
Geo 2,D,24 Hours,100000,22048,215521,21552100
Geo 2,E,24 Hours,100000,27894,252142,25214200
Geo 3,A,24 Hours,100000,11,83889,8388900
Geo 3,B,24 Hours,100000,13,77586,7758600
Geo 3,C,24 Hours,100000,19,177966,17796600
Geo 3,D,24 Hours,100000,10,156310,15631000
Geo 3,E,24 Hours,100000,16,128594,12859400
Geo 4,A,24 Hours,1,4,0,0
Geo 4,B,24 Hours,1,8,0,0
Geo 4,C,24 Hours,1,5,0,0
Geo 4,D,24 Hours,39,60,423,42300
Geo 4,E,24 Hours,1,12,1,100
AF 5,A,24 Hours,2700,8,20,2000
AF 5,B,24 Hours,4400,12,44,4400
AF 5,C,24 Hours,3300,16,43,4300
AF 5,D,24 Hours,3700,43,20,2000
AF 5,E,24 Hours,2600,14,27,2700
AF 6,A,24 Hours,3100,23,38,3800
AF 6,B,24 Hours,7200,34,79,7900
AF 6,C,24 Hours,4500,41,146,14600
AF 6,D,24 Hours,6500,57,388,38800
AF 6,E,24 Hours,3100,20,83,8300
AF 7,A,24 Hours,30000,91,610,61000
AF 7,B,24 Hours,30000,164,1113,111300
AF 7,C,24 Hours,30000,62,489,48900
AF 7,D,24 Hours,30000,121,650,65000
AF 7,E,24 Hours,30000,63,2372,237200
AF 8,A,24 Hours,7800,8,164,16400
AF 8,B,24 Hours,6000,5,132,13200
AF 8,C,24 Hours,16700,10,286,28600
AF 8,D,24 Hours,30000,10,5094,509400
AF 8,E,24 Hours,30000,45,156,15600
Geo 1,Blank,24 Hours,0,3,2,200
Geo 2,Blank,24 Hours,0,6,1,100
Geo 3,Blank,24 Hours,0,5,0,0
Geo 4,Blank,24 Hours,0,6,1,100
AF 5,Blank,24 Hours,1,4,0,0
AF 6,Blank,24 Hours,0,7,1,100
AF 7,Blank,24 Hours,0,3,1,100
AF 8,Blank,24 Hours,0,4,0,0
Geo 1,A,48 Hours,100000,28,4404,440400
Geo 1,B,48 Hours,100000,6,6775,677500
Geo 1,C,48 Hours,100000,37,10070,1007000
Geo 1,D,48 Hours,100000,21,2399,239900
Geo 1,E,48 Hours,100000,12,16740,1674000
Geo 2,A,48 Hours,100000,18,7001,700100
Geo 2,B,48 Hours,100000,9,16936,1693600
Geo 2,C,48 Hours,100000,23,29470,2947000
Geo 2,D,48 Hours,100000,9,31386,3138600
Geo 2,E,48 Hours,100000,4,30095,3009500
Geo 3,A,48 Hours,100000,15,6543,654300
Geo 3,B,48 Hours,100000,9,11939,1193900
Geo 3,C,48 Hours,100000,86,11115,1111500
Geo 3,D,48 Hours,100000,18,6860,686000
Geo 3,E,48 Hours,100000,30,14529,1452900
Geo 4,A,48 Hours,1,3,0,0
Geo 4,B,48 Hours,30000,304,185495,18549500
Geo 4,C,48 Hours,30000,96,159335,15933500
Geo 4,D,48 Hours,1,4,3,300
Geo 4,E,48 Hours,30000,4234,311032,31103200
AF 5,A,48 Hours,3400,7,44,4400
AF 5,B,48 Hours,10200,14,74,7400
AF 5,C,48 Hours,3200,6,42,4200
AF 5,D,48 Hours,600,11,18,1800
AF 5,E,48 Hours,1500,6,30,3000
AF 6,A,48 Hours,30000,254,212,21200
AF 6,B,48 Hours,30000,28,73,7300
AF 6,C,48 Hours,30000,35,76,7600
AF 6,D,48 Hours,63,7,43,4300
AF 6,E,48 Hours,126,25,34,3400
AF 7,A,48 Hours,26200,14,111,11100
AF 7,B,48 Hours,16200,11,173,17300
AF 7,C,48 Hours,30000,41,1557,155700
AF 7,D,48 Hours,30000,51,286,28600
AF 7,E,48 Hours,30000,178,5647,564700
AF 8,A,48 Hours,2900,3,54,5400
AF 8,B,48 Hours,30000,23,471,47100
AF 8,C,48 Hours,3000,5,28,2800
AF 8,D,48 Hours,5700,3,178,17800
AF 8,E,48 Hours,6800,5,9850,985000
Geo 1,Blank,48 Hours,0,5,0,0
Geo 2,Blank,48 Hours,0,3,0,0
Geo 3,Blank,48 Hours,0,2,3,300
Geo 4,Blank,48 Hours,0,3,0,0
AF 5,Blank,48 Hours,0,4,0,0
AF 6,Blank,48 Hours,0,3,0,0
AF 7,Blank,48 Hours,0,4,0,0
AF 8,Blank,48 Hours,0,3,0,0
Geo 1,A,72 hours,100000,6,4963,496300
Geo 1,B,72 hours,100000,13,146,14600
Geo 1,C,72 hours,100000,5,376,37600
Geo 1,D,72 hours,100000,4,567,56700
Geo 1,E,72 hours,100000,11,160,16000
Geo 2,A,72 hours,100000,3,172,17200
Geo 2,B,72 hours,100000,4,142,14200
Geo 2,C,72 hours,100000,4,144,14400
Geo 2,D,72 hours,100000,7,4,400
Geo 2,E,72 hours,100000,5,84,8400
Geo 3,A,72 hours,100000,6,24,2400
Geo 3,B,72 hours,100000,5,51,5100
Geo 3,C,72 hours,100000,5,482,48200
Geo 3,D,72 hours,100000,4,34,3400
Geo 3,E,72 hours,100000,3,23,2300
Geo 4,A,72 hours,100000,5,1557,155700
Geo 4,B,72 hours,100000,46,4849,484900
Geo 4,C,72 hours,100000,5,1535,153500
Geo 4,D,72 hours,1,2,0,0
Geo 4,E,72 hours,1,3,1,100
AF 5,A,72 hours,1600,4,14,1400
AF 5,B,72 hours,1400,29,31,3100
AF 5,C,72 hours,2500,30,18,1800
AF 5,D,72 hours,5600,40,122,12200
AF 5,E,72 hours,200,13,8,800
AF 6,A,72 hours,30000,827,1582,158200
AF 6,B,72 hours,9700,11,42,4200
AF 6,C,72 hours,30000,618,4375,437500
AF 6,D,72 hours,30000,93,8445,844500
AF 6,E,72 hours,30000,16,145,14500
AF 7,A,72 hours,18800,9,1026,102600
AF 7,B,72 hours,30000,15,746,74600
AF 7,C,72 hours,30000,27,1232,123200
AF 7,D,72 hours,30000,68,2422,242200
AF 7,E,72 hours,12400,8,2516,251600
AF 8,A,72 hours,4700,61,152,15200
AF 8,B,72 hours,30000,60,4986,498600
AF 8,C,72 hours,20300,142,364,36400
AF 8,D,72 hours,3900,160,157,15700
AF 8,E,72 hours,2500,33,72,7200
Geo 1,Blank,72 Hours,0,3,0,0
Geo 2,Blank,72 Hours,0,5,0,0
Geo 3,Blank,72 Hours,0,3,2,200
Geo 4,Blank,72 Hours,0,4,1,100
AF 5,Blank,72 Hours,0,9,1,100
AF 6,Blank,72 Hours,0,2,0,0
AF 7,Blank,72 Hours,0,3,0,0
AF 8,Blank,72 Hours,0,2,2,200
