Product,Test,Time,log10_thresh,Sensitivity,Specificity,PPV,NPV,Prevalence,Accuracy,F1,Jaccard,MCC,Youden_J
Chocolate,Charm,12 Hours,0.8,1,1,1,1,0.8333,1,1,1,1,1
Chocolate,Charm,12 Hours,0.9,0.9833,1,1,0.9583,0.8333,0.9861,0.9907,0.9833,0.9694,0.9833
Chocolate,Charm,12 Hours,1,0.9833,1,1,0.9583,0.8333,0.9861,0.9907,0.9833,0.9694,0.9833
Chocolate,Charm,12 Hours,1.1,0.9833,1,1,0.9583,0.8333,0.9861,0.9907,0.9833,0.9694,0.9833
Chocolate,Charm,12 Hours,1.2,0.9667,1,1,0.9444,0.8333,0.9722,0.9792,0.9667,0.9539,0.9667
Chocolate,Charm,12 Hours,1.3,0.9167,1,1,0.9306,0.8333,0.9306,1,0.9167,1,0.9167
Chocolate,Charm,12 Hours,1.4,0.9167,1,1,0.9306,0.8333,0.9306,1,0.9167,1,0.9167
Chocolate,Charm,12 Hours,1.5,0.9167,1,1,0.9306,0.8333,0.9306,1,0.9167,1,0.9167
Chocolate,Charm,12 Hours,1.6,0.9167,1,1,0.9306,0.8333,0.9306,1,0.9167,1,0.9167
Chocolate,Charm,12 Hours,1.7,0.8167,1,1,0.8056,0.8333,0.8472,0.9221,0.8167,0.8757,0.8167
Chocolate,Charm,12 Hours,1.8,0.75,1,1,0.7917,0.8333,0.7917,1,0.75,1,0.75
Chocolate,Charm,12 Hours,1.9,0.75,1,1,0.7917,0.8333,0.7917,1,0.75,1,0.75
Chocolate,Charm,12 Hours,2,0.75,1,1,0.7917,0.8333,0.7917,1,0.75,1,0.75
Chocolate,Charm,12 Hours,2.1,0.6167,1,1,0.5764,0.8333,0.6806,0.8845,0.6167,0.7603,0.6167
Chocolate,Charm,12 Hours,2.2,0.5167,1,1,0.5472,0.8333,0.5972,0.8194,0.5167,0.7541,0.5167
Chocolate,Charm,12 Hours,2.3,0.4833,1,1,0.5417,0.8333,0.5694,0.9815,0.4833,0.9387,0.4833
Chocolate,Charm,12 Hours,2.4,0.4667,1,1,0.5278,0.8333,0.5556,0.9583,0.4667,0.9079,0.4667
Chocolate,Charm,12 Hours,2.5,0.4333,1,1,0.5167,0.8333,0.5278,0.8889,0.4333,0.8667,0.4333
Chocolate,Charm,12 Hours,2.6,0.4333,1,1,0.5167,0.8333,0.5278,0.8889,0.4333,0.8667,0.4333
Chocolate,Charm,12 Hours,2.7,0.4333,1,1,0.5167,0.8333,0.5278,0.8889,0.4333,0.8667,0.4333
Chocolate,Charm,12 Hours,2.8,0.4167,1,1,0.5139,0.8333,0.5139,1,0.4167,1,0.4167
Chocolate,Charm,12 Hours,2.9,0.3667,1,1,0.4167,0.8333,0.4722,0.9278,0.3667,0.8159,0.3667
Chocolate,Charm,12 Hours,3,0.35,1,1,0.4097,0.8333,0.4583,0.8921,0.35,0.7897,0.35
Chocolate,Charm,12 Hours,3.1,0.3333,1,1,0.4056,0.8333,0.4444,0.8444,0.3333,0.7665,0.3333
Chocolate,Charm,12 Hours,3.2,0.3167,1,1,0.4028,0.8333,0.4306,0.9722,0.3167,0.9081,0.3167
Chocolate,Charm,12 Hours,3.3,0.2833,1,1,0.3819,0.8333,0.4028,0.8929,0.2833,0.8291,0.2833
Chocolate,Charm,12 Hours,3.4,0.2833,1,1,0.3819,0.8333,0.4028,0.8929,0.2833,0.8291,0.2833
Chocolate,Charm,12 Hours,3.5,0.2833,1,1,0.3819,0.8333,0.4028,0.8929,0.2833,0.8291,0.2833
Chocolate,Charm,12 Hours,3.6,0.2667,1,1,0.3778,0.8333,0.3889,0.8333,0.2667,0.8,0.2667
Chocolate,Charm,12 Hours,3.7,0.25,1,1,0.375,0.8333,0.375,1,0.25,1,0.25
Chocolate,Charm,12 Hours,3.8,0.25,1,1,0.375,0.8333,0.375,1,0.25,1,0.25
Chocolate,Charm,12 Hours,3.9,0.25,1,1,0.375,0.8333,0.375,1,0.25,1,0.25
Chocolate,Charm,12 Hours,4,0.25,1,1,0.375,0.8333,0.375,1,0.25,1,0.25
Chocolate,Charm,12 Hours,4.1,0.25,1,1,0.375,0.8333,0.375,1,0.25,1,0.25
Chocolate,Charm,12 Hours,4.2,0.0833,1,1,0.1972,0.8333,0.2361,0.6111,0.0833,0.4162,0.0833
Chocolate,Charm,12 Hours,4.3,0.0167,1,1,0.1694,0.8333,0.1806,0.3333,0.0167,0.2,0.0167
Chocolate,Charm,12 Hours,4.4,0,1,NA,0.1667,0.8333,0.1667,NA,0,NA,0
Chocolate,Charm,24 Hours,0.8,1,1,1,1,0.8333,1,1,1,1,1
Chocolate,Charm,24 Hours,0.9,1,1,1,1,0.8333,1,1,1,1,1
Chocolate,Charm,24 Hours,1,1,1,1,1,0.8333,1,1,1,1,1
Chocolate,Charm,24 Hours,1.1,1,1,1,1,0.8333,1,1,1,1,1
Chocolate,Charm,24 Hours,1.2,1,1,1,1,0.8333,1,1,1,1,1
Chocolate,Charm,24 Hours,1.3,1,1,1,1,0.8333,1,1,1,1,1
Chocolate,Charm,24 Hours,1.4,1,1,1,1,0.8333,1,1,1,1,1
Chocolate,Charm,24 Hours,1.5,1,1,1,1,0.8333,1,1,1,1,1
Chocolate,Charm,24 Hours,1.6,0.9833,1,1,0.9583,0.8333,0.9861,0.9907,0.9833,0.9694,0.9833
Chocolate,Charm,24 Hours,1.7,0.95,1,1,0.9028,0.8333,0.9583,0.9699,0.95,0.9233,0.95
Chocolate,Charm,24 Hours,1.8,0.9167,1,1,0.8819,0.8333,0.9306,0.9435,0.9167,0.897,0.9167
Chocolate,Charm,24 Hours,1.9,0.9,1,1,0.875,0.8333,0.9167,0.9286,0.9,0.886,0.9
Chocolate,Charm,24 Hours,2,0.8667,1,1,0.8681,0.8333,0.8889,0.961,0.8667,0.9378,0.8667
Chocolate,Charm,24 Hours,2.1,0.8667,1,1,0.8681,0.8333,0.8889,0.961,0.8667,0.9378,0.8667
Chocolate,Charm,24 Hours,2.2,0.8667,1,1,0.8681,0.8333,0.8889,0.961,0.8667,0.9378,0.8667
Chocolate,Charm,24 Hours,2.3,0.8667,1,1,0.8681,0.8333,0.8889,0.961,0.8667,0.9378,0.8667
Chocolate,Charm,24 Hours,2.4,0.8667,1,1,0.8681,0.8333,0.8889,0.961,0.8667,0.9378,0.8667
Chocolate,Charm,24 Hours,2.5,0.8333,1,1,0.8125,0.8333,0.8611,0.9383,0.8333,0.8876,0.8333
Chocolate,Charm,24 Hours,2.6,0.8167,1,1,0.8056,0.8333,0.8472,0.9221,0.8167,0.8757,0.8167
Chocolate,Charm,24 Hours,2.7,0.8,1,1,0.7639,0.8333,0.8333,0.912,0.8,0.8423,0.8
Chocolate,Charm,24 Hours,2.8,0.7667,1,1,0.7083,0.8333,0.8056,0.8892,0.7667,0.792,0.7667
Chocolate,Charm,24 Hours,2.9,0.7167,1,1,0.6556,0.8333,0.7639,0.8413,0.7167,0.7361,0.7167
Chocolate,Charm,24 Hours,3,0.6667,1,1,0.6236,0.8333,0.7222,0.7944,0.6667,0.6919,0.6667
Chocolate,Charm,24 Hours,3.1,0.6,1,1,0.6056,0.8333,0.6667,0.775,0.6,0.7047,0.6
Chocolate,Charm,24 Hours,3.2,0.55,1,1,0.5972,0.8333,0.625,0.9643,0.55,0.921,0.55
Chocolate,Charm,24 Hours,3.3,0.55,1,1,0.5972,0.8333,0.625,0.9643,0.55,0.921,0.55
Chocolate,Charm,24 Hours,3.4,0.5167,1,1,0.5417,0.8333,0.5972,0.9286,0.5167,0.8421,0.5167
Chocolate,Charm,24 Hours,3.5,0.5,1,1,0.5347,0.8333,0.5833,0.9031,0.5,0.8233,0.5
Chocolate,Charm,24 Hours,3.6,0.4833,1,1,0.5278,0.8333,0.5694,0.8776,0.4833,0.8046,0.4833
Chocolate,Charm,24 Hours,3.7,0.4,1,1,0.4611,0.8333,0.5,0.8472,0.4,0.7745,0.4
Chocolate,Charm,24 Hours,3.8,0.3833,1,1,0.4194,0.8333,0.4861,0.8287,0.3833,0.7133,0.3833
Chocolate,Charm,24 Hours,3.9,0.3333,1,1,0.3917,0.8333,0.4444,0.746,0.3333,0.6387,0.3333
Chocolate,Charm,24 Hours,4,0.2667,1,1,0.3278,0.8333,0.3889,0.625,0.2667,0.5079,0.2667
Chocolate,Charm,24 Hours,4.1,0.2,1,1,0.2722,0.8333,0.3333,0.5778,0.2,0.4465,0.2
Chocolate,Charm,24 Hours,4.2,0.1333,1,1,0.2458,0.8333,0.2778,0.6349,0.1333,0.5054,0.1333
Chocolate,Charm,24 Hours,4.3,0.05,1,1,0.1806,0.8333,0.2083,0.75,0.05,0.4472,0.05
Chocolate,Charm,24 Hours,4.4,0,1,NA,0.1667,0.8333,0.1667,NA,0,NA,0
Chocolate,Charm,48 Hours,0.8,1,1,1,1,0.8333,1,1,1,1,1
Chocolate,Charm,48 Hours,0.9,0.9667,1,1,0.9444,0.8333,0.9722,0.9792,0.9667,0.9539,0.9667
Chocolate,Charm,48 Hours,1,0.8833,1,1,0.8333,0.8333,0.9028,0.9193,0.8833,0.8554,0.8833
Chocolate,Charm,48 Hours,1.1,0.8167,1,1,0.7806,0.8333,0.8472,0.9192,0.8167,0.8604,0.8167
Chocolate,Charm,48 Hours,1.2,0.8,1,1,0.7667,0.8333,0.8333,0.9066,0.8,0.8436,0.8
Chocolate,Charm,48 Hours,1.3,0.7167,1,1,0.7319,0.8333,0.7639,0.8905,0.7167,0.8516,0.7167
Chocolate,Charm,48 Hours,1.4,0.6833,1,1,0.725,0.8333,0.7361,0.9259,0.6833,0.9111,0.6833
Chocolate,Charm,48 Hours,1.5,0.6667,1,1,0.7222,0.8333,0.7222,1,0.6667,1,0.6667
Chocolate,Charm,48 Hours,1.6,0.6667,1,1,0.7222,0.8333,0.7222,1,0.6667,1,0.6667
Chocolate,Charm,48 Hours,1.7,0.6667,1,1,0.7222,0.8333,0.7222,1,0.6667,1,0.6667
Chocolate,Charm,48 Hours,1.8,0.6667,1,1,0.7222,0.8333,0.7222,1,0.6667,1,0.6667
Chocolate,Charm,48 Hours,1.9,0.6667,1,1,0.7222,0.8333,0.7222,1,0.6667,1,0.6667
Chocolate,Charm,48 Hours,2,0.6667,1,1,0.7222,0.8333,0.7222,1,0.6667,1,0.6667
Chocolate,Charm,48 Hours,2.1,0.6667,1,1,0.7222,0.8333,0.7222,1,0.6667,1,0.6667
Chocolate,Charm,48 Hours,2.2,0.65,1,1,0.6806,0.8333,0.7083,0.9861,0.65,0.9541,0.65
Chocolate,Charm,48 Hours,2.3,0.6333,1,1,0.6389,0.8333,0.6944,0.9722,0.6333,0.9081,0.6333
Chocolate,Charm,48 Hours,2.4,0.5833,1,1,0.5764,0.8333,0.6528,0.9187,0.5833,0.8226,0.5833
Chocolate,Charm,48 Hours,2.5,0.5667,1,1,0.5625,0.8333,0.6389,0.9013,0.5667,0.7995,0.5667
Chocolate,Charm,48 Hours,2.6,0.5667,1,1,0.5625,0.8333,0.6389,0.9013,0.5667,0.7995,0.5667
Chocolate,Charm,48 Hours,2.7,0.5333,1,1,0.5556,0.8333,0.6111,0.9484,0.5333,0.8685,0.5333
Chocolate,Charm,48 Hours,2.8,0.5167,1,1,0.5139,0.8333,0.5972,0.9325,0.5167,0.816,0.5167
Chocolate,Charm,48 Hours,2.9,0.4667,1,1,0.4444,0.8333,0.5556,0.877,0.4667,0.7106,0.4667
Chocolate,Charm,48 Hours,3,0.45,1,1,0.4375,0.8333,0.5417,0.8515,0.45,0.6919,0.45
Chocolate,Charm,48 Hours,3.1,0.3667,1,1,0.3194,0.8333,0.4722,0.7545,0.3667,0.5152,0.3667
Chocolate,Charm,48 Hours,3.2,0.3,1,1,0.3,0.8333,0.4167,0.627,0.3,0.4467,0.3
Chocolate,Charm,48 Hours,3.3,0.25,1,1,0.2417,0.8333,0.375,0.6343,0.25,0.3957,0.25
Chocolate,Charm,48 Hours,3.4,0.25,1,1,0.2417,0.8333,0.375,0.6343,0.25,0.3957,0.25
Chocolate,Charm,48 Hours,3.5,0.1667,1,1,0.2167,0.8333,0.3056,0.5278,0.1667,0.3359,0.1667
Chocolate,Charm,48 Hours,3.6,0.1167,1,1,0.1931,0.8333,0.2639,0.497,0.1167,0.2909,0.1167
Chocolate,Charm,48 Hours,3.7,0.05,1,1,0.175,0.8333,0.2083,0.3333,0.05,0.2,0.05
Chocolate,Charm,48 Hours,3.8,0,1,NA,0.1667,0.8333,0.1667,NA,0,NA,0
Chocolate,Charm,48 Hours,3.9,0,1,NA,0.1667,0.8333,0.1667,NA,0,NA,0
Chocolate,Charm,48 Hours,4,0,1,NA,0.1667,0.8333,0.1667,NA,0,NA,0
Chocolate,Charm,48 Hours,4.1,0,1,NA,0.1667,0.8333,0.1667,NA,0,NA,0
Chocolate,Charm,48 Hours,4.2,0,1,NA,0.1667,0.8333,0.1667,NA,0,NA,0
Chocolate,Charm,48 Hours,4.3,0,1,NA,0.1667,0.8333,0.1667,NA,0,NA,0
Chocolate,Charm,48 Hours,4.4,0,1,NA,0.1667,0.8333,0.1667,NA,0,NA,0
Chocolate,AttuneDilut,12 Hours,4.3,1,0.8333,0.9722,1,0.8333,0.9722,0.9848,0.9722,1,0.8333
Chocolate,AttuneDilut,12 Hours,4.4,0.95,1,1,0.9028,0.8333,0.9583,0.9699,0.95,0.9233,0.95
Chocolate,AttuneDilut,12 Hours,4.5,0.9167,1,1,0.8819,0.8333,0.9306,0.9435,0.9167,0.897,0.9167
Chocolate,AttuneDilut,12 Hours,4.6,0.85,1,1,0.8639,0.8333,0.875,0.9394,0.85,0.9273,0.85
Chocolate,AttuneDilut,12 Hours,4.7,0.8333,1,1,0.8611,0.8333,0.8611,1,0.8333,1,0.8333
Chocolate,AttuneDilut,12 Hours,4.8,0.8333,1,1,0.8611,0.8333,0.8611,1,0.8333,1,0.8333
Chocolate,AttuneDilut,12 Hours,4.9,0.8167,1,1,0.8194,0.8333,0.8472,0.9889,0.8167,0.9632,0.8167
Chocolate,AttuneDilut,12 Hours,5,0.8,1,1,0.7778,0.8333,0.8333,0.9778,0.8,0.9265,0.8
Chocolate,AttuneDilut,12 Hours,5.1,0.7667,1,1,0.75,0.8333,0.8056,0.95,0.7667,0.8894,0.7667
Chocolate,AttuneDilut,12 Hours,5.2,0.6833,1,1,0.6486,0.8333,0.7361,0.8683,0.6833,0.7781,0.6833
Chocolate,AttuneDilut,12 Hours,5.3,0.5667,1,1,0.6111,0.8333,0.6389,0.9841,0.5667,0.9475,0.5667
Chocolate,AttuneDilut,12 Hours,5.4,0.55,1,1,0.5972,0.8333,0.625,0.9643,0.55,0.921,0.55
Chocolate,AttuneDilut,12 Hours,5.5,0.4667,1,1,0.5236,0.8333,0.5556,0.8435,0.4667,0.788,0.4667
Chocolate,AttuneDilut,12 Hours,5.6,0.45,1,1,0.5194,0.8333,0.5417,0.8095,0.45,0.7714,0.45
Chocolate,AttuneDilut,12 Hours,5.7,0.4167,1,1,0.5139,0.8333,0.5139,1,0.4167,1,0.4167
Chocolate,AttuneDilut,12 Hours,5.8,0.4167,1,1,0.5139,0.8333,0.5139,1,0.4167,1,0.4167
Chocolate,AttuneDilut,12 Hours,5.9,0.4167,1,1,0.5139,0.8333,0.5139,1,0.4167,1,0.4167
Chocolate,AttuneDilut,12 Hours,6,0.4167,1,1,0.5139,0.8333,0.5139,1,0.4167,1,0.4167
Chocolate,AttuneDilut,12 Hours,6.1,0.4167,1,1,0.5139,0.8333,0.5139,1,0.4167,1,0.4167
Chocolate,AttuneDilut,12 Hours,6.2,0.3667,1,1,0.4167,0.8333,0.4722,0.9278,0.3667,0.8159,0.3667
Chocolate,AttuneDilut,12 Hours,6.3,0.35,1,1,0.4097,0.8333,0.4583,0.8921,0.35,0.7897,0.35
Chocolate,AttuneDilut,12 Hours,6.4,0.3,1,1,0.3847,0.8333,0.4167,0.781,0.3,0.7032,0.3
Chocolate,AttuneDilut,12 Hours,6.5,0.3,1,1,0.3847,0.8333,0.4167,0.781,0.3,0.7032,0.3
Chocolate,AttuneDilut,12 Hours,6.6,0.3,1,1,0.3847,0.8333,0.4167,0.781,0.3,0.7032,0.3
Chocolate,AttuneDilut,12 Hours,6.7,0.2833,1,1,0.3806,0.8333,0.4028,0.7333,0.2833,0.68,0.2833
Chocolate,AttuneDilut,12 Hours,6.8,0.2667,1,1,0.3778,0.8333,0.3889,0.8333,0.2667,0.8,0.2667
Chocolate,AttuneDilut,12 Hours,6.9,0.2667,1,1,0.3778,0.8333,0.3889,0.8333,0.2667,0.8,0.2667
Chocolate,AttuneDilut,12 Hours,7,0.25,1,1,0.375,0.8333,0.375,1,0.25,1,0.25
Chocolate,AttuneDilut,12 Hours,7.1,0.25,1,1,0.375,0.8333,0.375,1,0.25,1,0.25
Chocolate,AttuneDilut,12 Hours,7.2,0.25,1,1,0.375,0.8333,0.375,1,0.25,1,0.25
Chocolate,AttuneDilut,12 Hours,7.3,0.25,1,1,0.375,0.8333,0.375,1,0.25,1,0.25
Chocolate,AttuneDilut,12 Hours,7.4,0.25,1,1,0.375,0.8333,0.375,1,0.25,1,0.25
Chocolate,AttuneDilut,12 Hours,7.5,0.2333,1,1,0.3333,0.8333,0.3611,0.963,0.2333,0.8775,0.2333
Chocolate,AttuneDilut,12 Hours,7.6,0.15,1,1,0.2153,0.8333,0.2917,0.7368,0.15,0.4653,0.15
Chocolate,AttuneDilut,12 Hours,7.7,0,1,NA,0.1667,0.8333,0.1667,NA,0,NA,0
Chocolate,AttuneDilut,12 Hours,7.8,0,1,NA,0.1667,0.8333,0.1667,NA,0,NA,0
Chocolate,AttuneDilut,12 Hours,7.9,0,1,NA,0.1667,0.8333,0.1667,NA,0,NA,0
Chocolate,AttuneDilut,12 Hours,8,0,1,NA,0.1667,0.8333,0.1667,NA,0,NA,0
Chocolate,AttuneDilut,12 Hours,8.1,0,1,NA,0.1667,0.8333,0.1667,NA,0,NA,0
Chocolate,AttuneDilut,24 Hours,4.3,1,0.8333,0.9722,1,0.8333,0.9722,0.9848,0.9722,1,0.8333
Chocolate,AttuneDilut,24 Hours,4.4,1,0.9167,0.9861,1,0.8333,0.9861,0.9924,0.9861,1,0.9167
Chocolate,AttuneDilut,24 Hours,4.5,1,0.9167,0.9861,1,0.8333,0.9861,0.9924,0.9861,1,0.9167
Chocolate,AttuneDilut,24 Hours,4.6,1,1,1,1,0.8333,1,1,1,1,1
Chocolate,AttuneDilut,24 Hours,4.7,1,1,1,1,0.8333,1,1,1,1,1
Chocolate,AttuneDilut,24 Hours,4.8,0.9833,1,1,0.9583,0.8333,0.9861,0.9907,0.9833,0.9694,0.9833
Chocolate,AttuneDilut,24 Hours,4.9,0.9667,1,1,0.9444,0.8333,0.9722,0.9792,0.9667,0.9539,0.9667
Chocolate,AttuneDilut,24 Hours,5,0.95,1,1,0.9028,0.8333,0.9583,0.9699,0.95,0.9233,0.95
Chocolate,AttuneDilut,24 Hours,5.1,0.9333,1,1,0.8958,0.8333,0.9444,0.955,0.9333,0.9124,0.9333
Chocolate,AttuneDilut,24 Hours,5.2,0.9,1,1,0.875,0.8333,0.9167,0.9286,0.9,0.886,0.9
Chocolate,AttuneDilut,24 Hours,5.3,0.8667,1,1,0.8681,0.8333,0.8889,0.961,0.8667,0.9378,0.8667
Chocolate,AttuneDilut,24 Hours,5.4,0.8667,1,1,0.8681,0.8333,0.8889,0.961,0.8667,0.9378,0.8667
Chocolate,AttuneDilut,24 Hours,5.5,0.8667,1,1,0.8681,0.8333,0.8889,0.961,0.8667,0.9378,0.8667
Chocolate,AttuneDilut,24 Hours,5.6,0.8667,1,1,0.8681,0.8333,0.8889,0.961,0.8667,0.9378,0.8667
Chocolate,AttuneDilut,24 Hours,5.7,0.8667,1,1,0.8681,0.8333,0.8889,0.961,0.8667,0.9378,0.8667
Chocolate,AttuneDilut,24 Hours,5.8,0.85,1,1,0.8264,0.8333,0.875,0.9509,0.85,0.9044,0.85
Chocolate,AttuneDilut,24 Hours,5.9,0.8167,1,1,0.8083,0.8333,0.8472,0.9167,0.8167,0.877,0.8167
Chocolate,AttuneDilut,24 Hours,6,0.8,1,1,0.8014,0.8333,0.8333,0.9004,0.8,0.8651,0.8
Chocolate,AttuneDilut,24 Hours,6.1,0.7667,1,1,0.7569,0.8333,0.8056,0.946,0.7667,0.8949,0.7667
Chocolate,AttuneDilut,24 Hours,6.2,0.7333,1,1,0.7111,0.8333,0.7778,0.9111,0.7333,0.8465,0.7333
Chocolate,AttuneDilut,24 Hours,6.3,0.6833,1,1,0.6764,0.8333,0.7361,0.8655,0.6833,0.7963,0.6833
Chocolate,AttuneDilut,24 Hours,6.4,0.65,1,1,0.6694,0.8333,0.7083,0.8981,0.65,0.8497,0.65
Chocolate,AttuneDilut,24 Hours,6.5,0.6333,1,1,0.6667,0.8333,0.6944,0.9688,0.6333,0.9309,0.6333
Chocolate,AttuneDilut,24 Hours,6.6,0.6167,1,1,0.6597,0.8333,0.6806,0.9464,0.6167,0.9145,0.6167
Chocolate,AttuneDilut,24 Hours,6.7,0.6167,1,1,0.6597,0.8333,0.6806,0.9464,0.6167,0.9145,0.6167
Chocolate,AttuneDilut,24 Hours,6.8,0.5833,1,1,0.6528,0.8333,0.6528,1,0.5833,1,0.5833
Chocolate,AttuneDilut,24 Hours,6.9,0.5833,1,1,0.6528,0.8333,0.6528,1,0.5833,1,0.5833
Chocolate,AttuneDilut,24 Hours,7,0.5833,1,1,0.6528,0.8333,0.6528,1,0.5833,1,0.5833
Chocolate,AttuneDilut,24 Hours,7.1,0.5833,1,1,0.6528,0.8333,0.6528,1,0.5833,1,0.5833
Chocolate,AttuneDilut,24 Hours,7.2,0.5833,1,1,0.6528,0.8333,0.6528,1,0.5833,1,0.5833
Chocolate,AttuneDilut,24 Hours,7.3,0.5833,1,1,0.6528,0.8333,0.6528,1,0.5833,1,0.5833
Chocolate,AttuneDilut,24 Hours,7.4,0.4667,1,1,0.5236,0.8333,0.5556,0.8435,0.4667,0.788,0.4667
Chocolate,AttuneDilut,24 Hours,7.5,0.3,1,1,0.35,0.8333,0.4167,0.7944,0.3,0.6559,0.3
Chocolate,AttuneDilut,24 Hours,7.6,0.2333,1,1,0.2833,0.8333,0.3611,0.6611,0.2333,0.4959,0.2333
Chocolate,AttuneDilut,24 Hours,7.7,0.1167,1,1,0.2417,0.8333,0.2639,0.5556,0.1167,0.4667,0.1167
Chocolate,AttuneDilut,24 Hours,7.8,0.0667,1,1,0.1833,0.8333,0.2222,0.5417,0.0667,0.3236,0.0667
Chocolate,AttuneDilut,24 Hours,7.9,0.05,1,1,0.1806,0.8333,0.2083,0.75,0.05,0.4472,0.05
Chocolate,AttuneDilut,24 Hours,8,0.05,1,1,0.1806,0.8333,0.2083,0.75,0.05,0.4472,0.05
Chocolate,AttuneDilut,24 Hours,8.1,0,1,NA,0.1667,0.8333,0.1667,NA,0,NA,0
Chocolate,AttuneDilut,48 Hours,4.3,1,0.9167,0.9861,1,0.8333,0.9861,0.9924,0.9861,1,0.9167
Chocolate,AttuneDilut,48 Hours,4.4,1,0.9167,0.9861,1,0.8333,0.9861,0.9924,0.9861,1,0.9167
Chocolate,AttuneDilut,48 Hours,4.5,1,0.9167,0.9861,1,0.8333,0.9861,0.9924,0.9861,1,0.9167
Chocolate,AttuneDilut,48 Hours,4.6,1,1,1,1,0.8333,1,1,1,1,1
Chocolate,AttuneDilut,48 Hours,4.7,1,1,1,1,0.8333,1,1,1,1,1
Chocolate,AttuneDilut,48 Hours,4.8,1,1,1,1,0.8333,1,1,1,1,1
Chocolate,AttuneDilut,48 Hours,4.9,1,1,1,1,0.8333,1,1,1,1,1
Chocolate,AttuneDilut,48 Hours,5,1,1,1,1,0.8333,1,1,1,1,1
Chocolate,AttuneDilut,48 Hours,5.1,1,1,1,1,0.8333,1,1,1,1,1
Chocolate,AttuneDilut,48 Hours,5.2,1,1,1,1,0.8333,1,1,1,1,1
Chocolate,AttuneDilut,48 Hours,5.3,0.9833,1,1,0.9583,0.8333,0.9861,0.9907,0.9833,0.9694,0.9833
Chocolate,AttuneDilut,48 Hours,5.4,0.9667,1,1,0.9167,0.8333,0.9722,0.9815,0.9667,0.9387,0.9667
Chocolate,AttuneDilut,48 Hours,5.5,0.9167,1,1,0.8542,0.8333,0.9306,0.9458,0.9167,0.8818,0.9167
Chocolate,AttuneDilut,48 Hours,5.6,0.8833,1,1,0.8472,0.8333,0.9028,0.9798,0.8833,0.9332,0.8833
Chocolate,AttuneDilut,48 Hours,5.7,0.8167,1,1,0.7361,0.8333,0.8472,0.9343,0.8167,0.8327,0.8167
Chocolate,AttuneDilut,48 Hours,5.8,0.7667,1,1,0.7083,0.8333,0.8056,0.8892,0.7667,0.792,0.7667
Chocolate,AttuneDilut,48 Hours,5.9,0.7167,1,1,0.6486,0.8333,0.7639,0.8449,0.7167,0.7312,0.7167
Chocolate,AttuneDilut,48 Hours,6,0.6833,1,1,0.6389,0.8333,0.7361,0.8782,0.6833,0.7712,0.6833
Chocolate,AttuneDilut,48 Hours,6.1,0.6667,1,1,0.6347,0.8333,0.7222,0.8544,0.6667,0.7596,0.6667
Chocolate,AttuneDilut,48 Hours,6.2,0.6167,1,1,0.5097,0.8333,0.6806,0.821,0.6167,0.6493,0.6167
Chocolate,AttuneDilut,48 Hours,6.3,0.5,1,1,0.4083,0.8333,0.5833,0.7087,0.5,0.5192,0.5
Chocolate,AttuneDilut,48 Hours,6.4,0.4333,1,1,0.3417,0.8333,0.5278,0.6421,0.4333,0.4392,0.4333
Chocolate,AttuneDilut,48 Hours,6.5,0.35,1,1,0.3042,0.8333,0.4583,0.6548,0.35,0.4381,0.35
Chocolate,AttuneDilut,48 Hours,6.6,0.2833,1,1,0.2833,0.8333,0.4028,0.6156,0.2833,0.4181,0.2833
Chocolate,AttuneDilut,48 Hours,6.7,0.25,1,1,0.2722,0.8333,0.375,0.5561,0.25,0.3828,0.25
Chocolate,AttuneDilut,48 Hours,6.8,0.1833,1,1,0.2208,0.8333,0.3194,0.5754,0.1833,0.3592,0.1833
Chocolate,AttuneDilut,48 Hours,6.9,0.15,1,1,0.2042,0.8333,0.2917,0.6012,0.15,0.3527,0.15
Chocolate,AttuneDilut,48 Hours,7,0.1167,1,1,0.1931,0.8333,0.2639,0.497,0.1167,0.2909,0.1167
Chocolate,AttuneDilut,48 Hours,7.1,0.05,1,1,0.1764,0.8333,0.2083,0.4524,0.05,0.2581,0.05
Chocolate,AttuneDilut,48 Hours,7.2,0.0333,1,1,0.1736,0.8333,0.1944,0.5714,0.0333,0.3162,0.0333
Chocolate,AttuneDilut,48 Hours,7.3,0.0333,1,1,0.1736,0.8333,0.1944,0.5714,0.0333,0.3162,0.0333
Chocolate,AttuneDilut,48 Hours,7.4,0.0167,1,1,0.1694,0.8333,0.1806,0.3333,0.0167,0.2,0.0167
Chocolate,AttuneDilut,48 Hours,7.5,0.0167,1,1,0.1694,0.8333,0.1806,0.3333,0.0167,0.2,0.0167
Chocolate,AttuneDilut,48 Hours,7.6,0,1,NA,0.1667,0.8333,0.1667,NA,0,NA,0
Chocolate,AttuneDilut,48 Hours,7.7,0,1,NA,0.1667,0.8333,0.1667,NA,0,NA,0
Chocolate,AttuneDilut,48 Hours,7.8,0,1,NA,0.1667,0.8333,0.1667,NA,0,NA,0
Chocolate,AttuneDilut,48 Hours,7.9,0,1,NA,0.1667,0.8333,0.1667,NA,0,NA,0
Chocolate,AttuneDilut,48 Hours,8,0,1,NA,0.1667,0.8333,0.1667,NA,0,NA,0
Chocolate,AttuneDilut,48 Hours,8.1,0,1,NA,0.1667,0.8333,0.1667,NA,0,NA,0
