Product,Test,Method,above_floor,Time,bg_floor_log10,criterion_value,Range_log10,Range_units,n_in_intersect,n_above_floor,n_total,no_range,problematic,best_achieved,valid
UHT Milk,Charm,Youden J,TRUE,6 Hours,1.34,1,no range above floor,—,3,5,8,NA,"Geo 2, AF 5",NA,FALSE
UHT Milk,Charm,Youden J,TRUE,12 Hours,1.34,0.8571,1.40 – 2.80,2.5e+01 – 6.3e+02,7,7,8,NA,NA,NA,TRUE
UHT Milk,Charm,Youden J,TRUE,24 Hours,1.34,1,1.60 – 2.90,4.0e+01 – 7.9e+02,8,8,8,NA,NA,NA,TRUE
UHT Milk,Charm,Youden J,TRUE,48 Hours,1.34,0.5714,1.40,2.5e+01,7,7,8,NA,NA,NA,TRUE
UHT Milk,Charm,Sensitivity-first,TRUE,6 Hours,1.34,1,no range above floor,—,3,5,8,NA,"Geo 2, AF 5",NA,FALSE
UHT Milk,Charm,Sensitivity-first,TRUE,12 Hours,1.34,0.8571,1.40 – 2.80,2.5e+01 – 6.3e+02,7,7,8,NA,NA,NA,TRUE
UHT Milk,Charm,Sensitivity-first,TRUE,24 Hours,1.34,1,1.60 – 2.90,4.0e+01 – 7.9e+02,8,8,8,NA,NA,NA,TRUE
UHT Milk,Charm,Sensitivity-first,TRUE,48 Hours,1.34,0.5714,1.40,2.5e+01,7,7,8,NA,NA,NA,TRUE
UHT Milk,Charm,Best Accuracy,TRUE,6 Hours,1.34,1,no range above floor,—,6,8,8,NA,"Geo 2, AF 5",NA,FALSE
UHT Milk,Charm,Best Accuracy,TRUE,12 Hours,1.34,0.9792,1.40 – 2.80,2.5e+01 – 6.3e+02,8,8,8,NA,NA,NA,TRUE
UHT Milk,Charm,Best Accuracy,TRUE,24 Hours,1.34,1,1.60 – 2.90,4.0e+01 – 7.9e+02,8,8,8,NA,NA,NA,TRUE
UHT Milk,Charm,Best Accuracy,TRUE,48 Hours,1.34,0.6875,1.40,2.5e+01,8,8,8,NA,NA,NA,TRUE
UHT Milk,Charm,Youden J,FALSE,6 Hours,1.34,1,no range,—,3,5,8,NA,"Geo 2, AF 5",NA,FALSE
UHT Milk,Charm,Youden J,FALSE,12 Hours,1.34,0.9429,no range,—,0,7,8,NA,"Geo 1, Geo 2, Geo 4, AF 5, AF 6, AF 7, AF 8",NA,FALSE
UHT Milk,Charm,Youden J,FALSE,24 Hours,1.34,1,1.60 – 2.90,4.0e+01 – 7.9e+02,8,8,8,NA,NA,NA,TRUE
UHT Milk,Charm,Youden J,FALSE,48 Hours,1.34,1,no range,—,5,7,8,NA,"AF 6, AF 7",NA,FALSE
UHT Milk,Charm,Sensitivity-first,FALSE,6 Hours,1.34,1,no range,—,3,5,8,NA,"Geo 2, AF 5",NA,FALSE
UHT Milk,Charm,Sensitivity-first,FALSE,12 Hours,1.34,1,no range,—,0,7,8,NA,"Geo 1, Geo 2, Geo 4, AF 5, AF 6, AF 7, AF 8",NA,FALSE
UHT Milk,Charm,Sensitivity-first,FALSE,24 Hours,1.34,1,1.60 – 2.90,4.0e+01 – 7.9e+02,8,8,8,NA,NA,NA,TRUE
UHT Milk,Charm,Sensitivity-first,FALSE,48 Hours,1.34,1,no range,—,5,7,8,NA,"AF 6, AF 7",NA,FALSE
UHT Milk,Charm,Best Accuracy,FALSE,6 Hours,1.34,1,no range,—,6,8,8,NA,"Geo 2, AF 5",NA,FALSE
UHT Milk,Charm,Best Accuracy,FALSE,12 Hours,1.34,0.9792,1.40 – 2.80,2.5e+01 – 6.3e+02,8,8,8,NA,NA,NA,TRUE
UHT Milk,Charm,Best Accuracy,FALSE,24 Hours,1.34,1,1.60 – 2.90,4.0e+01 – 7.9e+02,8,8,8,NA,NA,NA,TRUE
UHT Milk,Charm,Best Accuracy,FALSE,48 Hours,1.34,1,no range,—,6,8,8,NA,"AF 6, AF 7",NA,FALSE
UHT Milk,AttuneDilut,Youden J,TRUE,6 Hours,5.35,0.8,5.40 – 6.40,2.5e+05 – 2.5e+06,5,5,8,NA,NA,NA,TRUE
UHT Milk,AttuneDilut,Youden J,TRUE,12 Hours,5.35,0.8286,5.40 – 5.50,2.5e+05 – 3.2e+05,7,7,8,NA,NA,NA,TRUE
UHT Milk,AttuneDilut,Youden J,TRUE,24 Hours,5.35,1,5.40 – 6.90,2.5e+05 – 7.9e+06,8,8,8,NA,NA,NA,TRUE
UHT Milk,AttuneDilut,Youden J,TRUE,48 Hours,5.35,0.9429,5.40,2.5e+05,7,7,8,NA,NA,NA,TRUE
UHT Milk,AttuneDilut,Sensitivity-first,TRUE,6 Hours,5.35,0.8,5.40 – 6.40,2.5e+05 – 2.5e+06,5,5,8,NA,NA,NA,TRUE
UHT Milk,AttuneDilut,Sensitivity-first,TRUE,12 Hours,5.35,0.8286,5.40 – 5.50,2.5e+05 – 3.2e+05,7,7,8,NA,NA,NA,TRUE
UHT Milk,AttuneDilut,Sensitivity-first,TRUE,24 Hours,5.35,1,5.40 – 6.90,2.5e+05 – 7.9e+06,8,8,8,NA,NA,NA,TRUE
UHT Milk,AttuneDilut,Sensitivity-first,TRUE,48 Hours,5.35,0.9429,5.40,2.5e+05,7,7,8,NA,NA,NA,TRUE
UHT Milk,AttuneDilut,Best Accuracy,TRUE,6 Hours,5.35,0.9375,5.40 – 6.40,2.5e+05 – 2.5e+06,8,8,8,NA,NA,NA,TRUE
UHT Milk,AttuneDilut,Best Accuracy,TRUE,12 Hours,5.35,0.9583,5.40 – 5.50,2.5e+05 – 3.2e+05,8,8,8,NA,NA,NA,TRUE
UHT Milk,AttuneDilut,Best Accuracy,TRUE,24 Hours,5.35,1,5.40 – 6.90,2.5e+05 – 7.9e+06,8,8,8,NA,NA,NA,TRUE
UHT Milk,AttuneDilut,Best Accuracy,TRUE,48 Hours,5.35,0.9583,5.40,2.5e+05,8,8,8,NA,NA,NA,TRUE
UHT Milk,AttuneDilut,Youden J,FALSE,6 Hours,5.35,1,3.20 – 3.80,1.6e+03 – 6.3e+03,5,5,8,NA,NA,NA,TRUE
UHT Milk,AttuneDilut,Youden J,FALSE,12 Hours,5.35,0.9714,no range,—,4,7,8,NA,"Geo 4, AF 6, AF 7",NA,FALSE
UHT Milk,AttuneDilut,Youden J,FALSE,24 Hours,5.35,1,4.10 – 6.90,1.3e+04 – 7.9e+06,8,8,8,NA,NA,NA,TRUE
UHT Milk,AttuneDilut,Youden J,FALSE,48 Hours,5.35,1,3.70 – 5.30,5.0e+03 – 2.0e+05,7,7,8,NA,NA,NA,TRUE
UHT Milk,AttuneDilut,Sensitivity-first,FALSE,6 Hours,5.35,1,3.20 – 3.80,1.6e+03 – 6.3e+03,5,5,8,NA,NA,NA,TRUE
UHT Milk,AttuneDilut,Sensitivity-first,FALSE,12 Hours,5.35,1,no range,—,4,7,8,NA,"Geo 4, AF 6, AF 7",NA,FALSE
UHT Milk,AttuneDilut,Sensitivity-first,FALSE,24 Hours,5.35,1,4.10 – 6.90,1.3e+04 – 7.9e+06,8,8,8,NA,NA,NA,TRUE
UHT Milk,AttuneDilut,Sensitivity-first,FALSE,48 Hours,5.35,1,3.70 – 5.30,5.0e+03 – 2.0e+05,7,7,8,NA,NA,NA,TRUE
UHT Milk,AttuneDilut,Best Accuracy,FALSE,6 Hours,5.35,1,3.20 – 3.80,1.6e+03 – 6.3e+03,8,8,8,NA,NA,NA,TRUE
UHT Milk,AttuneDilut,Best Accuracy,FALSE,12 Hours,5.35,0.9792,4.00 – 5.30,1.0e+04 – 2.0e+05,8,8,8,NA,NA,NA,TRUE
UHT Milk,AttuneDilut,Best Accuracy,FALSE,24 Hours,5.35,1,4.10 – 6.90,1.3e+04 – 7.9e+06,8,8,8,NA,NA,NA,TRUE
UHT Milk,AttuneDilut,Best Accuracy,FALSE,48 Hours,5.35,1,3.80 – 5.30,6.3e+03 – 2.0e+05,8,8,8,NA,NA,NA,TRUE
Cream,Charm,Youden J,TRUE,6 Hours,0.79,0,0.80 – 3.10,6.3e+00 – 1.3e+03,6,6,8,NA,NA,NA,TRUE
Cream,Charm,Youden J,TRUE,12 Hours,0.79,0.1429,0.80,6.3e+00,7,7,8,NA,NA,NA,TRUE
Cream,Charm,Youden J,TRUE,24 Hours,0.79,0.2,0.90,7.9e+00,7,7,8,NA,NA,NA,TRUE
Cream,Charm,Youden J,TRUE,48 Hours,0.79,0.2562,0.80,6.3e+00,8,8,8,NA,NA,NA,TRUE
Cream,Charm,Sensitivity-first,TRUE,6 Hours,0.79,0,0.80 – 3.10,6.3e+00 – 1.3e+03,6,6,8,NA,NA,NA,TRUE
Cream,Charm,Sensitivity-first,TRUE,12 Hours,0.79,0.1429,0.80,6.3e+00,7,7,8,NA,NA,NA,TRUE
Cream,Charm,Sensitivity-first,TRUE,24 Hours,0.79,0.2,0.90,7.9e+00,7,7,8,NA,NA,NA,TRUE
Cream,Charm,Sensitivity-first,TRUE,48 Hours,0.79,0.2563,0.80,6.3e+00,8,8,8,NA,NA,NA,TRUE
Cream,Charm,Best Accuracy,TRUE,6 Hours,0.79,0.4167,0.80 – 3.10,6.3e+00 – 1.3e+03,8,8,8,NA,NA,NA,TRUE
Cream,Charm,Best Accuracy,TRUE,12 Hours,0.79,0.3958,0.80,6.3e+00,8,8,8,NA,NA,NA,TRUE
Cream,Charm,Best Accuracy,TRUE,24 Hours,0.79,0.4792,0.90,7.9e+00,8,8,8,NA,NA,NA,TRUE
Cream,Charm,Best Accuracy,TRUE,48 Hours,0.79,0.3958,0.80,6.3e+00,8,8,8,NA,NA,NA,TRUE
Cream,Charm,Youden J,FALSE,6 Hours,0.79,0.2667,no range,—,1,6,8,NA,"Geo 3, AF 5, AF 6, AF 7, AF 8",NA,FALSE
Cream,Charm,Youden J,FALSE,12 Hours,0.79,0.4,no range,—,2,7,8,NA,"Geo 1, Geo 2, Geo 3, AF 6, AF 8",NA,FALSE
Cream,Charm,Youden J,FALSE,24 Hours,0.79,0.5143,no range,—,2,7,8,NA,"Geo 2, Geo 3, AF 6, AF 7, AF 8",NA,FALSE
Cream,Charm,Youden J,FALSE,48 Hours,0.79,0.5625,no range,—,4,8,8,NA,"Geo 1, Geo 2, Geo 3, AF 8",NA,FALSE
Cream,Charm,Sensitivity-first,FALSE,6 Hours,0.79,1,0.00 – 0.30,1.0e+00 – 2.0e+00,6,6,8,NA,NA,NA,TRUE
Cream,Charm,Sensitivity-first,FALSE,12 Hours,0.79,0.8857,0.40,2.5e+00,7,7,8,NA,NA,NA,TRUE
Cream,Charm,Sensitivity-first,FALSE,24 Hours,0.79,0.9714,no range,—,5,7,8,NA,"Geo 1, Geo 2",NA,FALSE
Cream,Charm,Sensitivity-first,FALSE,48 Hours,0.79,0.925,no range,—,1,8,8,NA,"Geo 1, Geo 2, Geo 4, AF 5, AF 6, AF 7, AF 8",NA,FALSE
Cream,Charm,Best Accuracy,FALSE,6 Hours,0.79,0.8333,no range,—,1,8,8,NA,"Geo 1, Geo 3, Geo 4, AF 5, AF 6, AF 7, AF 8",NA,FALSE
Cream,Charm,Best Accuracy,FALSE,12 Hours,0.79,0.7708,no range,—,0,8,8,NA,"Geo 1, Geo 2, Geo 3, Geo 4, AF 5, AF 6, AF 7, AF 8",NA,FALSE
Cream,Charm,Best Accuracy,FALSE,24 Hours,0.79,0.8333,no range,—,1,8,8,NA,"Geo 2, Geo 3, Geo 4, AF 5, AF 6, AF 7, AF 8",NA,FALSE
Cream,Charm,Best Accuracy,FALSE,48 Hours,0.79,0.8333,no range,—,1,8,8,NA,"Geo 1, Geo 2, Geo 4, AF 5, AF 6, AF 7, AF 8",NA,FALSE
Cream,AttuneDilut,Youden J,TRUE,6 Hours,5.66,0,5.70 – 7.70,5.0e+05 – 5.0e+07,6,6,8,NA,NA,NA,TRUE
Cream,AttuneDilut,Youden J,TRUE,12 Hours,5.66,0.0357,5.70 – 7.60,5.0e+05 – 4.0e+07,7,7,8,NA,NA,NA,TRUE
Cream,AttuneDilut,Youden J,TRUE,24 Hours,5.66,0.0286,5.70 – 6.50,5.0e+05 – 3.2e+06,7,7,8,NA,NA,NA,TRUE
Cream,AttuneDilut,Youden J,TRUE,48 Hours,5.66,0.2812,5.70,5.0e+05,8,8,8,NA,NA,NA,TRUE
Cream,AttuneDilut,Sensitivity-first,TRUE,6 Hours,5.66,0,5.70 – 7.70,5.0e+05 – 5.0e+07,6,6,8,NA,NA,NA,TRUE
Cream,AttuneDilut,Sensitivity-first,TRUE,12 Hours,5.66,0.0357,5.70 – 7.60,5.0e+05 – 4.0e+07,7,7,8,NA,NA,NA,TRUE
Cream,AttuneDilut,Sensitivity-first,TRUE,24 Hours,5.66,0.0286,5.70 – 6.50,5.0e+05 – 3.2e+06,7,7,8,NA,NA,NA,TRUE
Cream,AttuneDilut,Sensitivity-first,TRUE,48 Hours,5.66,0.2812,5.70,5.0e+05,8,8,8,NA,NA,NA,TRUE
Cream,AttuneDilut,Best Accuracy,TRUE,6 Hours,5.66,0.4167,5.70 – 7.70,5.0e+05 – 5.0e+07,8,8,8,NA,NA,NA,TRUE
Cream,AttuneDilut,Best Accuracy,TRUE,12 Hours,5.66,0.3125,5.70 – 7.60,5.0e+05 – 4.0e+07,8,8,8,NA,NA,NA,TRUE
Cream,AttuneDilut,Best Accuracy,TRUE,24 Hours,5.66,0.3542,5.70 – 6.50,5.0e+05 – 3.2e+06,8,8,8,NA,NA,NA,TRUE
Cream,AttuneDilut,Best Accuracy,TRUE,48 Hours,5.66,0.4167,5.70,5.0e+05,8,8,8,NA,NA,NA,TRUE
Cream,AttuneDilut,Youden J,FALSE,6 Hours,5.66,0.5833,no range,—,1,6,8,NA,"Geo 1, Geo 3, AF 6, AF 7, AF 8",NA,FALSE
Cream,AttuneDilut,Youden J,FALSE,12 Hours,5.66,0.8429,no range,—,1,7,8,NA,"Geo 1, Geo 2, Geo 3, AF 5, AF 6, AF 7",NA,FALSE
Cream,AttuneDilut,Youden J,FALSE,24 Hours,5.66,0.7643,no range,—,4,7,8,NA,"Geo 2, AF 5, AF 6",NA,FALSE
Cream,AttuneDilut,Youden J,FALSE,48 Hours,5.66,0.9,no range,—,2,8,8,NA,"Geo 2, Geo 3, Geo 4, AF 5, AF 6, AF 7",NA,FALSE
Cream,AttuneDilut,Sensitivity-first,FALSE,6 Hours,5.66,0.9667,no range,—,2,6,8,NA,"Geo 1, Geo 3, AF 5, AF 8",NA,FALSE
Cream,AttuneDilut,Sensitivity-first,FALSE,12 Hours,5.66,1,no range,—,3,7,8,NA,"Geo 2, Geo 3, AF 5, AF 7",NA,FALSE
Cream,AttuneDilut,Sensitivity-first,FALSE,24 Hours,5.66,1,no range,—,4,7,8,NA,"Geo 3, AF 5, AF 6",NA,FALSE
Cream,AttuneDilut,Sensitivity-first,FALSE,48 Hours,5.66,1,no range,—,1,8,8,NA,"Geo 2, Geo 3, Geo 4, AF 5, AF 6, AF 7, AF 8",NA,FALSE
Cream,AttuneDilut,Best Accuracy,FALSE,6 Hours,5.66,0.875,no range,—,0,8,8,NA,"Geo 1, Geo 2, Geo 3, Geo 4, AF 5, AF 6, AF 7, AF 8",NA,FALSE
Cream,AttuneDilut,Best Accuracy,FALSE,12 Hours,5.66,0.9167,no range,—,0,8,8,NA,"Geo 1, Geo 2, Geo 3, Geo 4, AF 5, AF 6, AF 7, AF 8",NA,FALSE
Cream,AttuneDilut,Best Accuracy,FALSE,24 Hours,5.66,0.9375,no range,—,1,8,8,NA,"Geo 2, Geo 3, Geo 4, AF 5, AF 6, AF 7, AF 8",NA,FALSE
Cream,AttuneDilut,Best Accuracy,FALSE,48 Hours,5.66,0.9375,no range,—,3,8,8,NA,"Geo 3, Geo 4, AF 5, AF 6, AF 7",NA,FALSE
Whipping Cream,Charm,Youden J,TRUE,12 Hours,0.88,0.675,0.90,7.9e+00,8,8,8,NA,NA,NA,TRUE
Whipping Cream,Charm,Youden J,TRUE,24 Hours,0.88,0.975,no range above floor,—,4,8,8,NA,"Geo 3, Geo 4, AF 5, AF 8",NA,FALSE
Whipping Cream,Charm,Youden J,TRUE,48 Hours,0.88,0.75,0.90,7.9e+00,8,8,8,NA,NA,NA,TRUE
Whipping Cream,Charm,Youden J,TRUE,72 Hours,0.88,0.5667,no range above floor,—,6,8,8,NA,"AF 5, AF 7",NA,FALSE
Whipping Cream,Charm,Sensitivity-first,TRUE,12 Hours,0.88,0.675,0.90,7.9e+00,8,8,8,NA,NA,NA,TRUE
Whipping Cream,Charm,Sensitivity-first,TRUE,24 Hours,0.88,0.975,no range above floor,—,4,8,8,NA,"Geo 3, Geo 4, AF 5, AF 8",NA,FALSE
Whipping Cream,Charm,Sensitivity-first,TRUE,48 Hours,0.88,0.75,0.90,7.9e+00,8,8,8,NA,NA,NA,TRUE
Whipping Cream,Charm,Sensitivity-first,TRUE,72 Hours,0.88,0.5667,no range above floor,—,6,8,8,NA,"AF 5, AF 7",NA,FALSE
Whipping Cream,Charm,Best Accuracy,TRUE,12 Hours,0.88,0.8125,0.90,7.9e+00,8,8,8,NA,NA,NA,TRUE
Whipping Cream,Charm,Best Accuracy,TRUE,24 Hours,0.88,0.9792,no range above floor,—,4,8,8,NA,"Geo 3, Geo 4, AF 5, AF 8",NA,FALSE
Whipping Cream,Charm,Best Accuracy,TRUE,48 Hours,0.88,0.7917,0.90,7.9e+00,8,8,8,NA,NA,NA,TRUE
Whipping Cream,Charm,Best Accuracy,TRUE,72 Hours,0.88,0.6667,no range above floor,—,6,8,8,NA,"AF 5, AF 7",NA,FALSE
Whipping Cream,Charm,Youden J,FALSE,12 Hours,0.88,0.875,no range,—,2,8,8,NA,"Geo 2, Geo 3, Geo 4, AF 5, AF 6, AF 8",NA,FALSE
Whipping Cream,Charm,Youden J,FALSE,24 Hours,0.88,0.975,no range,—,4,8,8,NA,"Geo 3, Geo 4, AF 5, AF 8",NA,FALSE
Whipping Cream,Charm,Youden J,FALSE,48 Hours,0.88,0.95,no range,—,2,8,8,NA,"Geo 1, Geo 2, Geo 4, AF 5, AF 7, AF 8",NA,FALSE
Whipping Cream,Charm,Youden J,FALSE,72 Hours,0.88,0.8083,no range,—,2,8,8,NA,"Geo 1, Geo 2, Geo 3, Geo 4, AF 5, AF 7",NA,FALSE
Whipping Cream,Charm,Sensitivity-first,FALSE,12 Hours,0.88,1,no range,—,0,8,8,NA,"Geo 1, Geo 2, Geo 3, Geo 4, AF 5, AF 6, AF 7, AF 8",NA,FALSE
Whipping Cream,Charm,Sensitivity-first,FALSE,24 Hours,0.88,1,no range,—,2,8,8,NA,"Geo 2, Geo 3, Geo 4, AF 5, AF 6, AF 8",NA,FALSE
Whipping Cream,Charm,Sensitivity-first,FALSE,48 Hours,0.88,1,no range,—,1,8,8,NA,"Geo 1, Geo 2, Geo 4, AF 5, AF 6, AF 7, AF 8",NA,FALSE
Whipping Cream,Charm,Sensitivity-first,FALSE,72 Hours,0.88,1,no range,—,3,8,8,NA,"Geo 1, Geo 2, Geo 3, Geo 4, AF 7",NA,FALSE
Whipping Cream,Charm,Best Accuracy,FALSE,12 Hours,0.88,0.9583,no range,—,2,8,8,NA,"Geo 2, Geo 3, Geo 4, AF 5, AF 6, AF 8",NA,FALSE
Whipping Cream,Charm,Best Accuracy,FALSE,24 Hours,0.88,0.9792,no range,—,4,8,8,NA,"Geo 3, Geo 4, AF 5, AF 8",NA,FALSE
Whipping Cream,Charm,Best Accuracy,FALSE,48 Hours,0.88,0.9792,no range,—,1,8,8,NA,"Geo 1, Geo 2, Geo 4, AF 5, AF 6, AF 7, AF 8",NA,FALSE
Whipping Cream,Charm,Best Accuracy,FALSE,72 Hours,0.88,0.9167,no range,—,4,8,8,NA,"Geo 1, Geo 2, Geo 4, AF 7",NA,FALSE
Whipping Cream,AttuneDilut,Youden J,TRUE,12 Hours,2.88,0.8,2.90,7.9e+02,8,8,8,NA,NA,NA,TRUE
Whipping Cream,AttuneDilut,Youden J,TRUE,24 Hours,2.88,1,2.90 – 3.30,7.9e+02 – 2.0e+03,8,8,8,NA,NA,NA,TRUE
Whipping Cream,AttuneDilut,Youden J,TRUE,48 Hours,2.88,1,2.90 – 3.20,7.9e+02 – 1.6e+03,8,8,8,NA,NA,NA,TRUE
Whipping Cream,AttuneDilut,Youden J,TRUE,72 Hours,2.88,0.975,2.90,7.9e+02,8,8,8,NA,NA,NA,TRUE
Whipping Cream,AttuneDilut,Sensitivity-first,TRUE,12 Hours,2.88,0.8,2.90,7.9e+02,8,8,8,NA,NA,NA,TRUE
Whipping Cream,AttuneDilut,Sensitivity-first,TRUE,24 Hours,2.88,1,2.90 – 3.30,7.9e+02 – 2.0e+03,8,8,8,NA,NA,NA,TRUE
Whipping Cream,AttuneDilut,Sensitivity-first,TRUE,48 Hours,2.88,1,2.90 – 3.20,7.9e+02 – 1.6e+03,8,8,8,NA,NA,NA,TRUE
Whipping Cream,AttuneDilut,Sensitivity-first,TRUE,72 Hours,2.88,0.975,2.90,7.9e+02,8,8,8,NA,NA,NA,TRUE
Whipping Cream,AttuneDilut,Best Accuracy,TRUE,12 Hours,2.88,0.9167,2.90,7.9e+02,8,8,8,NA,NA,NA,TRUE
Whipping Cream,AttuneDilut,Best Accuracy,TRUE,24 Hours,2.88,1,2.90 – 3.30,7.9e+02 – 2.0e+03,8,8,8,NA,NA,NA,TRUE
Whipping Cream,AttuneDilut,Best Accuracy,TRUE,48 Hours,2.88,1,2.90 – 3.20,7.9e+02 – 1.6e+03,8,8,8,NA,NA,NA,TRUE
Whipping Cream,AttuneDilut,Best Accuracy,TRUE,72 Hours,2.88,0.9792,2.90,7.9e+02,8,8,8,NA,NA,NA,TRUE
Whipping Cream,AttuneDilut,Youden J,FALSE,12 Hours,2.88,1,no range,—,5,8,8,NA,"Geo 3, Geo 4, AF 5",NA,FALSE
Whipping Cream,AttuneDilut,Youden J,FALSE,24 Hours,2.88,1,2.40 – 3.30,2.5e+02 – 2.0e+03,8,8,8,NA,NA,NA,TRUE
Whipping Cream,AttuneDilut,Youden J,FALSE,48 Hours,2.88,1,2.50 – 3.20,3.2e+02 – 1.6e+03,8,8,8,NA,NA,NA,TRUE
Whipping Cream,AttuneDilut,Youden J,FALSE,72 Hours,2.88,1,2.40 – 2.60,2.5e+02 – 4.0e+02,8,8,8,NA,NA,NA,TRUE
Whipping Cream,AttuneDilut,Sensitivity-first,FALSE,12 Hours,2.88,1,no range,—,5,8,8,NA,"Geo 3, Geo 4, AF 5",NA,FALSE
Whipping Cream,AttuneDilut,Sensitivity-first,FALSE,24 Hours,2.88,1,2.40 – 3.30,2.5e+02 – 2.0e+03,8,8,8,NA,NA,NA,TRUE
Whipping Cream,AttuneDilut,Sensitivity-first,FALSE,48 Hours,2.88,1,2.50 – 3.20,3.2e+02 – 1.6e+03,8,8,8,NA,NA,NA,TRUE
Whipping Cream,AttuneDilut,Sensitivity-first,FALSE,72 Hours,2.88,1,2.40 – 2.60,2.5e+02 – 4.0e+02,8,8,8,NA,NA,NA,TRUE
Whipping Cream,AttuneDilut,Best Accuracy,FALSE,12 Hours,2.88,1,no range,—,5,8,8,NA,"Geo 3, Geo 4, AF 5",NA,FALSE
Whipping Cream,AttuneDilut,Best Accuracy,FALSE,24 Hours,2.88,1,2.40 – 3.30,2.5e+02 – 2.0e+03,8,8,8,NA,NA,NA,TRUE
Whipping Cream,AttuneDilut,Best Accuracy,FALSE,48 Hours,2.88,1,2.50 – 3.20,3.2e+02 – 1.6e+03,8,8,8,NA,NA,NA,TRUE
Whipping Cream,AttuneDilut,Best Accuracy,FALSE,72 Hours,2.88,1,2.40 – 2.60,2.5e+02 – 4.0e+02,8,8,8,NA,NA,NA,TRUE
Med Beverage,Charm,Youden J,TRUE,6 Hours,1.24,0,1.30 – 4.70,2.0e+01 – 5.0e+04,2,2,8,NA,NA,NA,TRUE
Med Beverage,Charm,Youden J,TRUE,12 Hours,1.24,0.44,1.30,2.0e+01,5,5,8,NA,NA,NA,TRUE
Med Beverage,Charm,Youden J,TRUE,24 Hours,1.24,0.775,1.30 – 1.80,2.0e+01 – 6.3e+01,8,8,8,NA,NA,NA,TRUE
Med Beverage,Charm,Youden J,TRUE,48 Hours,1.24,0.7438,1.30,2.0e+01,8,8,8,NA,NA,NA,TRUE
Med Beverage,Charm,Sensitivity-first,TRUE,6 Hours,1.24,0,1.30 – 4.70,2.0e+01 – 5.0e+04,2,2,8,NA,NA,NA,TRUE
Med Beverage,Charm,Sensitivity-first,TRUE,12 Hours,1.24,0.44,1.30,2.0e+01,5,5,8,NA,NA,NA,TRUE
Med Beverage,Charm,Sensitivity-first,TRUE,24 Hours,1.24,0.775,1.30 – 1.80,2.0e+01 – 6.3e+01,8,8,8,NA,NA,NA,TRUE
Med Beverage,Charm,Sensitivity-first,TRUE,48 Hours,1.24,0.775,1.30,2.0e+01,8,8,8,NA,NA,NA,TRUE
Med Beverage,Charm,Best Accuracy,TRUE,6 Hours,1.24,0.875,1.30 – 4.70,2.0e+01 – 5.0e+04,8,8,8,NA,NA,NA,TRUE
Med Beverage,Charm,Best Accuracy,TRUE,12 Hours,1.24,0.7917,no range above floor,—,6,8,8,NA,"Geo 1, Geo 4",NA,FALSE
Med Beverage,Charm,Best Accuracy,TRUE,24 Hours,1.24,0.8125,1.30 – 1.80,2.0e+01 – 6.3e+01,8,8,8,NA,NA,NA,TRUE
Med Beverage,Charm,Best Accuracy,TRUE,48 Hours,1.24,0.7917,1.30,2.0e+01,8,8,8,NA,NA,NA,TRUE
Med Beverage,Charm,Youden J,FALSE,6 Hours,1.24,0.6,no range,—,0,2,8,NA,"Geo 1, AF 8",NA,FALSE
Med Beverage,Charm,Youden J,FALSE,12 Hours,1.24,0.8,1.10,1.3e+01,5,5,8,NA,NA,NA,TRUE
Med Beverage,Charm,Youden J,FALSE,24 Hours,1.24,0.85,no range,—,2,8,8,NA,"Geo 1, Geo 2, Geo 4, AF 5, AF 6, AF 7",NA,FALSE
Med Beverage,Charm,Youden J,FALSE,48 Hours,1.24,0.8938,no range,—,2,8,8,NA,"Geo 2, Geo 3, Geo 4, AF 6, AF 7, AF 8",NA,FALSE
Med Beverage,Charm,Sensitivity-first,FALSE,6 Hours,1.24,1,no range,—,0,2,8,NA,"Geo 1, AF 8",NA,FALSE
Med Beverage,Charm,Sensitivity-first,FALSE,12 Hours,1.24,1,no range,—,1,5,8,NA,"Geo 1, Geo 3, AF 5, AF 6",NA,FALSE
Med Beverage,Charm,Sensitivity-first,FALSE,24 Hours,1.24,1,no range,—,1,8,8,NA,"Geo 1, Geo 2, Geo 3, Geo 4, AF 5, AF 6, AF 7",NA,FALSE
Med Beverage,Charm,Sensitivity-first,FALSE,48 Hours,1.24,1,no range,—,2,8,8,NA,"Geo 2, Geo 3, Geo 4, AF 6, AF 7, AF 8",NA,FALSE
Med Beverage,Charm,Best Accuracy,FALSE,6 Hours,1.24,0.9583,no range,—,0,8,8,NA,"Geo 1, Geo 2, Geo 3, Geo 4, AF 5, AF 6, AF 7, AF 8",NA,FALSE
Med Beverage,Charm,Best Accuracy,FALSE,12 Hours,1.24,0.9583,no range,—,1,8,8,NA,"Geo 1, Geo 2, Geo 3, Geo 4, AF 5, AF 6, AF 7",NA,FALSE
Med Beverage,Charm,Best Accuracy,FALSE,24 Hours,1.24,0.9583,no range,—,1,8,8,NA,"Geo 1, Geo 2, Geo 3, Geo 4, AF 5, AF 6, AF 7",NA,FALSE
Med Beverage,Charm,Best Accuracy,FALSE,48 Hours,1.24,0.9375,no range,—,2,8,8,NA,"Geo 2, Geo 3, Geo 4, AF 6, AF 7, AF 8",NA,FALSE
Med Beverage,AttuneDilut,Youden J,TRUE,6 Hours,5.3,0,5.40 – 7.70,2.5e+05 – 5.0e+07,2,2,8,NA,NA,NA,TRUE
Med Beverage,AttuneDilut,Youden J,TRUE,12 Hours,5.3,0,5.40 – 7.70,2.5e+05 – 5.0e+07,5,5,8,NA,NA,NA,TRUE
Med Beverage,AttuneDilut,Youden J,TRUE,24 Hours,5.3,0.525,5.40 – 5.70,2.5e+05 – 5.0e+05,8,8,8,NA,NA,NA,TRUE
Med Beverage,AttuneDilut,Youden J,TRUE,48 Hours,5.3,0.3688,5.40 – 5.50,2.5e+05 – 3.2e+05,8,8,8,NA,NA,NA,TRUE
Med Beverage,AttuneDilut,Sensitivity-first,TRUE,6 Hours,5.3,0,5.40 – 7.70,2.5e+05 – 5.0e+07,2,2,8,NA,NA,NA,TRUE
Med Beverage,AttuneDilut,Sensitivity-first,TRUE,12 Hours,5.3,0,5.40 – 7.70,2.5e+05 – 5.0e+07,5,5,8,NA,NA,NA,TRUE
Med Beverage,AttuneDilut,Sensitivity-first,TRUE,24 Hours,5.3,0.525,5.40 – 5.70,2.5e+05 – 5.0e+05,8,8,8,NA,NA,NA,TRUE
Med Beverage,AttuneDilut,Sensitivity-first,TRUE,48 Hours,5.3,0.4,5.40 – 5.50,2.5e+05 – 3.2e+05,8,8,8,NA,NA,NA,TRUE
Med Beverage,AttuneDilut,Best Accuracy,TRUE,6 Hours,5.3,0.875,5.40 – 7.70,2.5e+05 – 5.0e+07,8,8,8,NA,NA,NA,TRUE
Med Beverage,AttuneDilut,Best Accuracy,TRUE,12 Hours,5.3,0.5625,5.40 – 7.70,2.5e+05 – 5.0e+07,8,8,8,NA,NA,NA,TRUE
Med Beverage,AttuneDilut,Best Accuracy,TRUE,24 Hours,5.3,0.6042,5.40 – 5.70,2.5e+05 – 5.0e+05,8,8,8,NA,NA,NA,TRUE
Med Beverage,AttuneDilut,Best Accuracy,TRUE,48 Hours,5.3,0.4792,5.40 – 5.50,2.5e+05 – 3.2e+05,8,8,8,NA,NA,NA,TRUE
Med Beverage,AttuneDilut,Youden J,FALSE,6 Hours,5.3,0.3,-0.30 – 2.90,5.0e-01 – 7.9e+02,2,2,8,NA,NA,NA,TRUE
Med Beverage,AttuneDilut,Youden J,FALSE,12 Hours,5.3,0.6,no range,—,2,5,8,NA,"Geo 1, Geo 3, AF 5",NA,FALSE
Med Beverage,AttuneDilut,Youden J,FALSE,24 Hours,5.3,0.85,no range,—,1,8,8,NA,"Geo 1, Geo 2, Geo 4, AF 5, AF 6, AF 7, AF 8",NA,FALSE
Med Beverage,AttuneDilut,Youden J,FALSE,48 Hours,5.3,0.9188,no range,—,2,8,8,NA,"Geo 1, Geo 2, Geo 3, Geo 4, AF 7, AF 8",NA,FALSE
Med Beverage,AttuneDilut,Sensitivity-first,FALSE,6 Hours,5.3,1,no range,—,0,2,8,NA,"Geo 1, AF 8",NA,FALSE
Med Beverage,AttuneDilut,Sensitivity-first,FALSE,12 Hours,5.3,1,no range,—,0,5,8,NA,"Geo 1, Geo 3, AF 5, AF 6, AF 8",NA,FALSE
Med Beverage,AttuneDilut,Sensitivity-first,FALSE,24 Hours,5.3,1,no range,—,0,8,8,NA,"Geo 1, Geo 2, Geo 3, Geo 4, AF 5, AF 6, AF 7, AF 8",NA,FALSE
Med Beverage,AttuneDilut,Sensitivity-first,FALSE,48 Hours,5.3,1,no range,—,0,8,8,NA,"Geo 1, Geo 2, Geo 3, Geo 4, AF 5, AF 6, AF 7, AF 8",NA,FALSE
Med Beverage,AttuneDilut,Best Accuracy,FALSE,6 Hours,5.3,0.9583,no range,—,0,8,8,NA,"Geo 1, Geo 2, Geo 3, Geo 4, AF 5, AF 6, AF 7, AF 8",NA,FALSE
Med Beverage,AttuneDilut,Best Accuracy,FALSE,12 Hours,5.3,0.9583,no range,—,0,8,8,NA,"Geo 1, Geo 2, Geo 3, Geo 4, AF 5, AF 6, AF 7, AF 8",NA,FALSE
Med Beverage,AttuneDilut,Best Accuracy,FALSE,24 Hours,5.3,0.9375,no range,—,0,8,8,NA,"Geo 1, Geo 2, Geo 3, Geo 4, AF 5, AF 6, AF 7, AF 8",NA,FALSE
Med Beverage,AttuneDilut,Best Accuracy,FALSE,48 Hours,5.3,0.9583,no range,—,0,8,8,NA,"Geo 1, Geo 2, Geo 3, Geo 4, AF 5, AF 6, AF 7, AF 8",NA,FALSE
Chocolate,Charm,Youden J,TRUE,12 Hours,0.68,1,0.80,6.3e+00,12,12,12,NA,NA,NA,TRUE
Chocolate,Charm,Youden J,TRUE,24 Hours,0.68,1,0.80 – 1.50,6.3e+00 – 3.2e+01,12,12,12,NA,NA,NA,TRUE
Chocolate,Charm,Youden J,TRUE,48 Hours,0.68,1,0.80,6.3e+00,12,12,12,NA,NA,NA,TRUE
Chocolate,Charm,Sensitivity-first,TRUE,12 Hours,0.68,1,0.80,6.3e+00,12,12,12,NA,NA,NA,TRUE
Chocolate,Charm,Sensitivity-first,TRUE,24 Hours,0.68,1,0.80 – 1.50,6.3e+00 – 3.2e+01,12,12,12,NA,NA,NA,TRUE
Chocolate,Charm,Sensitivity-first,TRUE,48 Hours,0.68,1,0.80,6.3e+00,12,12,12,NA,NA,NA,TRUE
Chocolate,Charm,Best Accuracy,TRUE,12 Hours,0.68,1,0.80,6.3e+00,12,12,12,NA,NA,NA,TRUE
Chocolate,Charm,Best Accuracy,TRUE,24 Hours,0.68,1,0.80 – 1.50,6.3e+00 – 3.2e+01,12,12,12,NA,NA,NA,TRUE
Chocolate,Charm,Best Accuracy,TRUE,48 Hours,0.68,1,0.80,6.3e+00,12,12,12,NA,NA,NA,TRUE
Chocolate,Charm,Youden J,FALSE,12 Hours,0.68,1,0.80,6.3e+00,12,12,12,NA,NA,NA,TRUE
Chocolate,Charm,Youden J,FALSE,24 Hours,0.68,1,0.80 – 1.50,6.3e+00 – 3.2e+01,12,12,12,NA,NA,NA,TRUE
Chocolate,Charm,Youden J,FALSE,48 Hours,0.68,1,0.80,6.3e+00,12,12,12,NA,NA,NA,TRUE
Chocolate,Charm,Sensitivity-first,FALSE,12 Hours,0.68,1,0.80,6.3e+00,12,12,12,NA,NA,NA,TRUE
Chocolate,Charm,Sensitivity-first,FALSE,24 Hours,0.68,1,0.80 – 1.50,6.3e+00 – 3.2e+01,12,12,12,NA,NA,NA,TRUE
Chocolate,Charm,Sensitivity-first,FALSE,48 Hours,0.68,1,0.80,6.3e+00,12,12,12,NA,NA,NA,TRUE
Chocolate,Charm,Best Accuracy,FALSE,12 Hours,0.68,1,0.80,6.3e+00,12,12,12,NA,NA,NA,TRUE
Chocolate,Charm,Best Accuracy,FALSE,24 Hours,0.68,1,0.80 – 1.50,6.3e+00 – 3.2e+01,12,12,12,NA,NA,NA,TRUE
Chocolate,Charm,Best Accuracy,FALSE,48 Hours,0.68,1,0.80,6.3e+00,12,12,12,NA,NA,NA,TRUE
Chocolate,AttuneDilut,Youden J,TRUE,12 Hours,5.88,0.4167,5.90 – 6.10,7.9e+05 – 1.3e+06,12,12,12,NA,NA,NA,TRUE
Chocolate,AttuneDilut,Youden J,TRUE,24 Hours,5.88,0.8167,5.90,7.9e+05,12,12,12,NA,NA,NA,TRUE
Chocolate,AttuneDilut,Youden J,TRUE,48 Hours,5.88,0.7167,5.90,7.9e+05,12,12,12,NA,NA,NA,TRUE
Chocolate,AttuneDilut,Sensitivity-first,TRUE,12 Hours,5.88,0.4167,5.90 – 6.10,7.9e+05 – 1.3e+06,12,12,12,NA,NA,NA,TRUE
Chocolate,AttuneDilut,Sensitivity-first,TRUE,24 Hours,5.88,0.8167,5.90,7.9e+05,12,12,12,NA,NA,NA,TRUE
Chocolate,AttuneDilut,Sensitivity-first,TRUE,48 Hours,5.88,0.7167,5.90,7.9e+05,12,12,12,NA,NA,NA,TRUE
Chocolate,AttuneDilut,Best Accuracy,TRUE,12 Hours,5.88,0.5139,5.90 – 6.10,7.9e+05 – 1.3e+06,12,12,12,NA,NA,NA,TRUE
Chocolate,AttuneDilut,Best Accuracy,TRUE,24 Hours,5.88,0.8472,5.90,7.9e+05,12,12,12,NA,NA,NA,TRUE
Chocolate,AttuneDilut,Best Accuracy,TRUE,48 Hours,5.88,0.7639,5.90,7.9e+05,12,12,12,NA,NA,NA,TRUE
Chocolate,AttuneDilut,Youden J,FALSE,12 Hours,5.88,1,no range,—,8,12,12,NA,"AF 7, AF 8, BL 2, AF 8 Hi",NA,FALSE
Chocolate,AttuneDilut,Youden J,FALSE,24 Hours,5.88,1,4.60 – 4.70,4.0e+04 – 5.0e+04,12,12,12,NA,NA,NA,TRUE
Chocolate,AttuneDilut,Youden J,FALSE,48 Hours,5.88,1,4.60 – 5.20,4.0e+04 – 1.6e+05,12,12,12,NA,NA,NA,TRUE
Chocolate,AttuneDilut,Sensitivity-first,FALSE,12 Hours,5.88,1,no range,—,8,12,12,NA,"AF 7, AF 8, BL 2, AF 8 Hi",NA,FALSE
Chocolate,AttuneDilut,Sensitivity-first,FALSE,24 Hours,5.88,1,4.60 – 4.70,4.0e+04 – 5.0e+04,12,12,12,NA,NA,NA,TRUE
Chocolate,AttuneDilut,Sensitivity-first,FALSE,48 Hours,5.88,1,4.60 – 5.20,4.0e+04 – 1.6e+05,12,12,12,NA,NA,NA,TRUE
Chocolate,AttuneDilut,Best Accuracy,FALSE,12 Hours,5.88,1,no range,—,8,12,12,NA,"AF 7, AF 8, BL 2, AF 8 Hi",NA,FALSE
Chocolate,AttuneDilut,Best Accuracy,FALSE,24 Hours,5.88,1,4.60 – 4.70,4.0e+04 – 5.0e+04,12,12,12,NA,NA,NA,TRUE
Chocolate,AttuneDilut,Best Accuracy,FALSE,48 Hours,5.88,1,4.60 – 5.20,4.0e+04 – 1.6e+05,12,12,12,NA,NA,NA,TRUE
